category,title,date,content,url
세계,"이스라엘 '가자시티 장악' 앞두고 공세‥""하루새 123명 사망""",2025.08.13,"이스라엘군이 '가자시티 장악' 작전 돌입을 앞두고 가자지구에 대한 공세를 강화하면서 사상자가 속출하고 있습니다. 현지시간 13일 알자지라 방송 보도에 따르면 이스라엘군은 가자지구 북부 지역을 집중적으로 폭격했으며, 가자지구 남부에서도 무인기 공격이 이뤄졌습니다. 가자지구 보건부는 이날 오후 성명에서 지난 24시간 동안 123명이 숨졌다고 주장했습니다. 또 2023년 10월 7일 가자지구 전쟁이 발발한 이후 팔레스타인 주민 중 사망자는 6만1천7백여 명, 부상자는 15만4천5백여 명으로 늘었다고 집계했습니다.",https://n.news.naver.com/mnews/article/214/0001442676?sid=104
세계,"""차기 연준 의장 후보 월가 인사 등 11명 검토”",2025.08.13,"트럼프 미국 대통령 도널드 트럼프 미국 대통령이 제롬 파월 연방준비제도 의장의 후임으로 총 11명의 후보군을 검토하고 있다고 CNBC 방송이 복수의 익명 당국자를 인용해 보도했습니다.현지시간 13일 보도에 따르면, 1차 후보군에는 데이비드 제르보스 제프리스 수석 시장전략가, 래리 린지 전 연준 이사, 릭 라이더 블랙록 채권 부문 최고투자책임자 등이 새롭게 포함됐습니다.연준 내부 인사로는 미셸 보먼 금융감독 담당 부의장, 크리스토퍼 월러 이사, 필립 제퍼슨 부의장이 거론됩니다.외부에서는 마크 서머린 전 백악관 국가경제위원회 부국장, 로리 로건 댈러스 연방준비은행 총재, 제임스 불러드 전 세인트루이스 연은 총재가 후보에 올랐습니다.이 밖에 트럼프 대통령이 직접 후보로 언급한 케빈 해싯 백악관 NEC 위원장과 케빈 워시 전 연준 이사도 명단에 포함됐습니다.스콧 베선트 재무장관 역시 유력 후보로 거론됐으나 재무부 장관직 유지를 희망하며 후보군에서 빠졌습니다.다만 베선트 장관은 트럼프 대통령에게 최종 후보를 추천하기 위해 적임자를 추리는 역할을 주도하고 있습니다.CNBC는 후보군이 11명에 달하는 점을 들어, 차기 의장 지명이 아직 임박하지 않았다고 분석했습니다.트럼프 대통령은 금리 인하 요구에도 금리를 동결해 온 파월 의장의 사퇴를 압박해왔으며, 파월 의장의 임기는 내년 5월까지입니다.#연준 #파월 #금리 #후보 #의장 #트럼프연합뉴스TV 기사문의 및 제보 : 카톡/라인 jebo23",https://n.news.naver.com/mnews/article/422/0000770429?sid=104
세계,"트럼프, 미러회담 비관론에…""가짜뉴스"" 반발",2025.08.13,"트럼프 대통령 도널드 트럼프 미국 대통령이 오는 15일 알래스카에서 열리는 미·러 정상회담을 둘러싼 부정적 전망을 ""가짜뉴스""라며 강하게 반발했습니다.트럼프 대통령은 현지시간 13일 사회관계망서비스 트루스소셜에 ""나와 푸틴의 만남에 매우 불공정한 언론이 작동하고 있다""고 주장했습니다.트럼프 대통령은 일부 언론이 존 볼턴 전 국가안보보좌관 등 해임된 인사들이 한 ""푸틴이 이미 이겼다""는 발언을 인용하고 있다며 ""우리는 모든 영역에서 승리하고 있다""고 반박했습니다.또 ""내가 러시아와의 합의로 모스크바와 레닌그라드를 공짜로 얻어도 가짜뉴스들은 나쁜 합의라고 할 것""이라고 덧붙였습니다.일부 미국 매체는 트럼프 대통령이 회담에서 휴전 압박을 회피하기 위한 푸틴 대통령의 '지연작전'에 휘말리거나, 러시아에 유리한 휴전안을 수용할 수 있다는 우려를 제기하고 있습니다.#트럼프 #미러회담 #알래스카 #트루스소셜 #푸틴연합뉴스TV 기사문의 및 제보 : 카톡/라인 jebo23",https://n.news.naver.com/mnews/article/422/0000770428?sid=104
세계,"이스라엘 '가자시티 장악' 앞두고 공세…""하루새 123명 사망""",2025.08.13,"가자지구 13일 가자시티의 식량 배급소에 몰려든 주민들 2025.8.13 photo@yna.co.kr 김동호 특파원 = 이스라엘군이 내각 결정에 따른 '가자시티 장악' 작전 돌입을 앞두고 공세를 강화하고 있다. 13일 알자지라 방송 보도에 따르면 이스라엘군은 베이트하눈, 베이트라히아, 자발리아 등 가자지구 북부 지역을 집중적으로 폭격했다. 가자지구 남부 칸유니스에도 무인기 공격이 이뤄졌다. 팔레스타인 무장정파 하마스가 통치하는 가자지구 보건부는 이날 오후 성명에서 지난 24시간 동안 123명이 숨졌다고 주장했다. 가자지구 보건부는 2023년 10월 7일 가자지구 전쟁이 발발한 이래로 이스라엘군 공격에 따른 팔레스타인 주민 사망자가 6만1천722명, 부상자가 15만4천525명으로 늘었다고 집계했다. 또 기근과 영양실조로 숨진 이가 어린이 106명을 포함해 235명이라고 주장했다. 가자지구 보건부가 발표하는 사상자 통계는 민간인과 전투원을 구분하지 않으며 외부 검증을 거치지 않는다. 이스라엘 정부는 하마스 측이 발표하는 기아 사망자 수치가 부풀려졌다고 비난한다. 이스라엘군은 이날 요르단, 아랍에미리트, 독일, 벨기에, 프랑스, 이탈리아 등의 협력으로 식량 등 구호품 꾸러미 119개를 추가로 공중 투하했다고 밝혔다. dk@yna.co.kr",https://n.news.naver.com/mnews/article/001/0015565486?sid=104
세계,"트럼프, 미러회담 비관론에 역정‥""모스크바를 얻어도 비판할 것""",2025.08.13,"도널드 트럼프 미국 대통령이 현지시간 15일 미국 알래스카에서 열리는 미·러 정상회담에 대한 일각의 부정적 전망을 '가짜 뉴스'라고 일축했습니다. 트럼프 대통령은 SNS 게시글을 통해 ""나와 푸틴의 만남에는 매우 불공정한 언론이 작동하고 있다""고 주장했습니다. 그러면서 ""일부 언론이 존 볼턴과 같은 해고된 얼간이들과 정말 멍청한 사람들을 끊임없이 인용한다""면서""우리는 모든 영역에서 승리하고 있다""라고 강조했습니다. 트럼프 대통령은 또 ""'가짜 뉴스'들은 내가 러시아와의 합의의 일부로 모스크바와 레닌그라드를 공짜로 얻는다 해도 나쁜 합의를 했다고 할 것""이라고 덧붙였습니다. 일부 미국 매체들은 트럼프 대통령이 미·러 정상회담에서 러시아의 '지연 작전'에 말려들거나, 러시아에 일방적으로 유리한 휴전안을 수용할 수 있다는 우려를 제기하고 있습니다.",https://n.news.naver.com/mnews/article/214/0001442675?sid=104
세계,"""미 연준 의장 후보군에 월가 인사 등 11명 올라""",2025.08.13,"트럼프 미국 대통령이 제롬 파월 미 연방준비제도 의장의 후임으로 그동안 하마평에 오른 인사들을 포함해 모두 11명의 후보 리스트를 검토하고 있다고 CNBC 방송이 당국자를 인용해 보도했습니다.연준 의장 1차 후보군으로 투자은행 제프리스의 데이비드 제르보스 수석 시장전략가, 래리 린지 전 연준 이사, 자산운용사 블랙록의 릭 라이더 채권 부문 최고투자책임자가 명단에 포함됐습니다.이들 3명은 앞서 차기 연준 의장 후보군으로 거론되지 않았던 인물들이며, 현 연준 이사진에선 미셸 보먼 금융감독 담당 부의장, 크리스토퍼 월러 이사, 필립 제퍼슨 부의장이 후보군에 올랐습니다.백악관 국가경제위원회 부국장으로 일했던 마크 서머린, 로리 로건 댈러스 연방준비은행 총재, 제임스 불러드 전 세인트루이스 연은 총재도 후보 리스트에 올랐습니다.이 밖에 트럼프 대통령이 인터뷰 중 의장 후보로 언급한 케빈 해싯 백악관 국가경제위원장과 케빈 워시 전 연준 이사도 유력 후보로 꼽히고 있습니다.스콧 베센트 재무장관도 유력 후보로 꼽혀왔으나 재무부 장관직을 계속하고 싶다는 입장을 트럼프 대통령에게 밝히면서 현재는 후보군에서 제외됐습니다.이후 베센트 장관은 최종 후보군을 트럼프 대통령에게 추천하기 위해 적임자를 추리는 임무를 주도하고 있습니다.후보군 리스트가 11명이나 검토되고 있다는 점은 아직 차기 의장 최종 후보 지명이 임박하지 않았음을 시사한다고 CNBC는 설명했습니다.트럼프 대통령은 자신의 금리 인하 요구에도 불구하고 금리를 동결해온 파월 현 연준 의장의 사퇴를 지속해서 압박해왔습니다.파월 의장의 의장직 임기는 내년 5월까지입니다.※ '당신의 제보가 뉴스가 됩니다' YTN 검색해 채널 추가 02-398-8585 social@ytn.co.kr",https://n.news.naver.com/mnews/article/052/0002232612?sid=104
세계,"""트럼프 행정부, 연준 의장 후임으로 11명 검토 중""",2025.08.13,"""데이비드 제르보스, 래리 린지, 릭 라이더 포함"" 도널드 트럼프 미국 대통령과 제롬 파월 미 연방준비제도 이사회 의장. ⓒ AFP=뉴스1 ⓒ News1 류정민 특파원 김경민 기자 = 도널드 트럼프 행정부는 내년 5월 임기가 만료되는 제롬 파월 연방준비제도 의장의 후임으로 새로운 후보를 포함해 총 11명을 검토 중이라고 CNBC가 복수의 소식통을 인용해 13일 보도했다.매체에 따르면 새 후보는 투자은행 제프리스의 데이비드 제르보스 수석 시장전략가, 래리 린지 전 연준 이사, 자산운용사 블랙록의 릭 라이더 글로벌 채권 부문 최고투자책임자다.연준에선 미셸 보먼 금융감독 담당 부의장, 크리스토퍼 월러 이사, 필립 제퍼슨 부의장도 이름을 올렸다.이 밖에 마크 서머린 전 백악관 국가경제위원회 부국장, 로리 로건 댈러스 연방준비은행 총재, 제임스 불러드 전 세인트루이스 연은 총재, 케빈 해싯 NEC 위원장, 케빈 워시 전 연준 이사 등이 명단에 들어갔다.복수의 소식통은 ""스콧 베선트 재무장관이 모든 후보를 면접한 후 명단을 추려 트럼프 대통령에게 최종 명단을 보고할 것""이라고 말했다.다만 명단 규모와 절차로 봤을 때 트럼프 대통령의 결정은 상당한 시간이 소요될 수 있다고 매체는 전했다.트럼프 대통령은 그간 금리 인하를 요구하며 금리 동결을 고수하고 있는 파월 의장을 원색적으로 비난해 왔다.",https://n.news.naver.com/mnews/article/421/0008427582?sid=104
세계,"독일 7월 소비자물가 2.0%↑…""에너지 인하 전체에 하방 압력""",2025.08.13,"독일 뮌헨 부근 운터라이트에 있는 유니퍼 에너지 회사의 가스 저장시설. 자료사진. 2025.08.13=이재준 기자 = 유럽 최대 경제국 독일의 2025년 7월 소비자 물가지수는 전년 동월 대비 2.0% 상승했다고 RTT 뉴스와 마켓워치, dpa 통신 등이 13일 보도했다.매체는 독일 연방통계청이 이날 발표한 관련 자료를 인용해 이같이 전하며 상승률이 6월과 같았다고 지적했다. 연방통계청은 ""올해 초부터 인플레율이 안정세를 유지하고 있으며 2개월 연속 변동이 없었다""고 평가했다.에너지 가격이 지난해 동월에 비해 3.4% 내리면서 전체 물가에 하방 압력을 가했다. 이중 연료유가 4.5%, 난방유 5.0%, 전기 2.0% 내리고 천연가스는 0.3% 올랐다.반면 식품 가격은 전년 동월보다 2.2% 올랐다. 과일이 7.6%, 과자류 5.6%, 유제품 4.1%, 수산물 0.9%, 곡물류 0.7% 각각 상승한 반면 채소는 3.2%, 설탕 29.4% 하락했다.서비스 가격도 3.1% 상승했다. 서비스 물가 상승률은 전월 3.3%에서 0.2% 저하했지만 여전히 높은 수준을 유지했다.교통 서비스가 11.3%, 우편-소포 9.0%, 복지시설 8.2%, 보험 5.8%, 외식 4.1% 상승했다. 하지만 국제항공료는 6.8%, 통신 서비스 1.4% 떨어졌다.7월 CPI는 전월 대비로는 0.3% 올랐다. 6월 보합세에서 상승으로 전환했다.에너지 가격이 0.4% 상승하고 식품은 0.1% 하락했으며 의류 역시 계절적 요인으로 3.5% 저하했다. 국제 항공권은 여름철 성수기를 맞아 12.7%, 퍠키지 해외여향 10.7% 뛰었다.변동성이 큰 식품과 에너지를 제외한 근원 지수는 작년 같은 달보다 2.7% 올라 전월과 보합세를 나타냈다. 속보치와도 일치했다. 유럽연합 기준으로 7월 CPI는 전년 같은 달보다 1.8% 올랐다. 상승률은 6월 2.0%에서 0.2% 포인트 낮아졌다. 시장 예상과 같았다.HICP CPI는 전월 대비론 0.4% 상승했다. 6월 0.1%보다 상승폭을 0.3% 포인트 확대했다. 속보치와 일치했다．",https://n.news.naver.com/mnews/article/003/0013421142?sid=104
세계,"러 전문가들 ""미·러, 알래스카 회담서 북극 개발 논의할 것""",2025.08.13,"""러 고립 벗어나고 유럽 소외""…차기 회담 장소로 크림반도 거론 알래스카 하늘 최인영 특파원 = 오는 15일 알래스카 정상회담을 계기로 러시아와 미국이 북극 개발 등 경제 협력을 논의할 것이라고 러시아 전문가들이 예상했다. 블라디미르 푸틴 러시아 대통령과 도널드 트럼프 미국 대통령이 우크라이나 문제 해결 방안도 논의하겠지만, 양국 관계 개선 역시 회담의 중요한 의제가 될 것이라는 전망이다. 비영리단체 '창의적 외교' 소장인 나탈리야 부를리노바는 13일 러시아 일간 코메르산트에 ""우크라이나는 명분일 뿐이고, 실제로는 양국에 가장 중요한 전략적 의제가 패키지로 논의될 것""이라고 말했다. 그러면서 ""언론에서는 향후 수십 년간 지정학적 중심 무대가 될 수 있는 북극 문제가 거론되고 있다""며 북극에는 남극과 달리 포괄적 국제협정이 존재하지 않고 막대한 천연자원과 군사적 활용 가능성이 잠재돼 있다고 강조했다. 드미트리 수슬로프 모스크바 고등경제대 교수는 같은 매체에 이번 회담 장소로 알래스카가 선정된 것은 양국이 북극 지역 경제 협력을 논의할 것을 시사한다면서 ""이는 양국 모두에게 큰 경제적 이익을 가져다줄 분야""라고 설명했다. 수슬로프 교수는 알래스카가 미국에서 러시아와 가장 가까운 지역이면서 우크라이나·유럽과는 가장 먼 지역이라는 점에 주목하면서 ""이는 러시아와 미국이 주요 결정을 내릴 국가라는 것을 과시하는 것""이라고 밝혔다. 그러면서 이번 회담으로 러시아는 국제적으로 고립됐다는 논란을 잠재우겠지만, 반대로 유럽은 국제적 입지가 약해지고 오히려 소외될 것이라고 주장했다. 그는 푸틴 대통령과 트럼프 대통령이 우크라이나 휴전에 관한 공동 조건을 채택할 것으로 예상되며, 우크라이나와 유럽이 이를 거부할 경우 미국은 우크라이나에 대한 지원을 중단할 수 있다고 내다봤다. 러시아 인형에 그려진 트럼프 대통령과 푸틴 대통령 블라디미르 오를로프 모스크바국제관계대 교수는 코메르산트에 이번 회담으로 양국 외교 업무 정상화, 전략적 공동 프로젝트, 내년 2월 만료되는 핵 군축 조약인 신전략무기감축조약 논의 기반 등을 논의할 수 있다고 말했다. 피터 쿠즈니크 아메리칸대 핵연구소장은 러시아 일간 이즈베스티야 인터뷰에서 알래스카 회담이 러시아와 미국 간 경제 관계 발전의 계기가 될 수 있다며 북극에 매장된 희토류 공동 개발이나 유라시아와 미국을 연결하는 베링해협 터널 건설 등이 논의될 수 있다고 예상했다. 러시아에서는 벌써 푸틴 대통령과 트럼프 대통령의 차기 회담 정상도 거론되고 있다. 유리 우샤코프 크렘린궁 보좌관은 두 정상의 다음 회담이 러시아 영토에서 열릴 것으로 기대한다고 밝혔다. 올레크 카르포비치 러시아 외무부 외교아카데미 부총장은 타스 통신에 러시아가 2014년 병합한 크림반도의 얄타를 차기 정상회담 장소로 제안하면서 ""트럼프 대통령이 얄타에서 푸틴 대통령과 만난다면 이는 크림반도의 지위를 인정하는 것""이라고 주장했다. 러시아가 임명한 크림자치공화국 수장 세르게이 악쇼노프는 푸틴 대통령이 초대한다면 트럼프 대통령의 크림 방문은 현실이 될 것이라며 ""크림에서 새로운 '얄타 평화'가 탄생한다면 기쁠 것""이라고 텔레그램을 통해 밝혔다. abbie@yna.co.kr",https://n.news.naver.com/mnews/article/001/0015565485?sid=104
세계,"트럼프, 미·러 회담 비관론에 역정…“모스크바를 얻어도 비판할것”",2025.08.13,"도널드 트럼프 미국 대통령은 오는 15일 알래스카에서 열리는 미러 정상회담에 대한 일각의 부정적 전망에 대해 ""가짜뉴스""라며 역정을 냈습니다. 트럼프 대통령은 13일 사회관계망서비스 트루스소셜에 올린 글에서 ""나와 푸틴의 만남에는 매우 불공정한 언론이 작동하고 있다""며 이같이 주장했습니다. 일부 언론이 ""미국 땅에서 회담이 열림에도 '푸틴이 이미 이겼다'고 발언한 존 볼턴과 같은, 해고된 얼간이들과 정말 멍청한 사람들을 끊임없이 인용한다""며 ""우리는 모든 영역에서 승리하고 있다""고도 썼습니다. 트럼프 대통령은 그러면서 ""가짜뉴스""들은 ""내가 러시아와의 합의의 일부로 모스크바와 레닌그라드를 공짜로 얻는다 해도 내가 나쁜 합의를 했다고 할 것""이라고 덧붙였습니다. 일부 미국 매체는 트럼프 대통령이 블라디미르 푸틴 러시아 대통령과의 회담에서 휴전 압박을 회피하기 위한 푸틴 대통령의 '지연작전'에 말려들거나, 러시아에 일방적으로 유리한 휴전안을 수용할 수 있다는 우려를 제기하고 있습니다.■ 제보하기▷ 전화 : 02-781-1234, 4444▷ 이메일 : kbs1234@kbs.co.kr▷ 카카오톡 : 'KBS제보' 검색, 채널 추가▷ 네이버, 유튜브에서 KBS뉴스를 구독해주세요!",https://n.news.naver.com/mnews/article/056/0012008714?sid=104
세계,"[속보] 메르츠 獨 총리 젤렌스키와 공동 기자회견 ""우크라이나 영토 주권 존중돼야""",2025.08.13,후속기사가 이어집니다,https://n.news.naver.com/mnews/article/003/0013421141?sid=104
세계,"트럼프, 미러회담 비관론에 역정…""모스크바를 얻어도 비판할것""",2025.08.13,"푸틴에 이용당할 가능성 등 거론한 언론에 ""가짜뉴스"" 딱지 트럼프와 푸틴 조준형 특파원 = 도널드 트럼프 미국 대통령은 오는 15일 알래스카에서 열리는 미러 정상회담에 대한 일각의 부정적 전망에 대해 ""가짜뉴스""라며 역정을 냈다. 트럼프 대통령은 13일 사회관계망서비스 트루스소셜에 올린 글에서 ""나와 푸틴의 만남에는 매우 불공정한 언론이 작동하고 있다""고 주장했다. 그는 일부 언론이 ""미국 땅에서 회담이 열림에도 '푸틴이 이미 이겼다'고 발언한 존 볼턴과 같은, 해고된 얼간이들과 정말 멍청한 사람들을 끊임없이 인용한다""며 ""우리는 모든 영역에서 승리하고 있다""고 썼다. 그러면서 트럼프 대통령은 ""가짜뉴스""들은 ""내가 러시아와의 합의의 일부로 모스크바와 레닌그라드를 공짜로 얻는다 해도 내가 나쁜 합의를 했다고 할 것""이라고 덧붙였다. 일부 미국 매체는 트럼프 대통령이 블라디미르 푸틴 러시아 대통령과의 회담에서 휴전 압박을 회피하기 위한 푸틴 대통령의 '지연작전'에 말려들거나, 러시아에 일방적으로 유리한 휴전안을 수용할 수 있다는 우려를 제기하고 있다. jhcho@yna.co.kr",https://n.news.naver.com/mnews/article/001/0015565482?sid=104
세계,"""미 연준 차기의장 후보군에 월가인사 등 총 11명 올라""",2025.08.13,"▲ 워싱턴DC 연방준비제도 청사 도널드 트럼프 미국 대통령이 제롬 파월 미 연방준비제도 의장의 후임으로 그동안 하마평에 오른 인사들을 포함해 총 11명의 후보 리스트를 검토하고 있다고 CNBC 방송이 복수의 익명 당국자를 인용해 13일 보도했습니다. 보도에 따르면 차기 연준 의장 1차 후보군으로 투자은행 제프리스의 데이비드 제르보스 수석 시장전략가, 래리 린지 전 연준 이사, 자산운용사 블랙록의 릭 라이더 채권 부문 최고투자책임자가 명단에 포함됐습니다. 이들 3명은 앞서 차기 연준 의장 후보군으로 거론되지 않았던 인물들입니다. 현 연준 이사진 내에서는 미셸 보먼 금융감독 담당 부의장, 크리스토퍼 월러 이사, 필립 제퍼슨 부의장 등 3명이 후보 리스트에 올랐습니다. 조지 W. 부시 전 대통령 재임 시절 백악관 국가경제위원회 부국장으로 일했던 마크 서머린, 로리 로건 댈러스 연방준비은행 총재, 제임스 불러드 전 세인트루이스 연은 총재 등 3명도 후보 리스트에 올랐습니다. 이 밖에 트럼프 대통령이 인터뷰 중 의장 후보로 언급한 케빈 해싯 백악관 국가경제위원장과 케빈 워시 전 연준 이사도 유력 후보로 꼽히고 있습니다. 스콧 베선트 재무장관도 유력 후보로 꼽혀왔으나 재무부 장관직을 계속하고 싶다는 입장을 트럼프 대통령에게 밝히면서 현재는 후보군에서 제외됐습니다. 이후 베선트 장관은 최종 후보군을 트럼프 대통령에게 추천하기 위해 적임자를 추리는 임무를 주도하고 있습니다. 후보군 리스트가 11명이나 검토되고 있다는 점은 아직 차기 의장 최종 후보 지명이 임박하지 않았음을 시사한다고 CNBC는 설명했습니다. 트럼프 대통령은 자신의 금리 인하 요구에도 불구하고 금리를 동결해 온 파월 현 연준 의장의 사퇴를 지속해서 압박해왔습니다. 파월 의장의 의장직 임기는 내년 5월까지입니다.",https://n.news.naver.com/mnews/article/055/0001283767?sid=104
세계,"美재무장관 ""트럼프·푸틴 '빈손회담' 대비해 추가 제재·관세 준비""",2025.08.13,"스콧 베선트 미국 재무장관. 로이터=연합뉴스 스콧 베선트 미국 재무부 장관이 오는 15일 알래스카주 앵커리지 미군 기지에서 열리는 미러 정상회담을 앞두고 회담이 성과 없이 끝날 경우를 대비해 러시아에 대한 추가 제재와 관세를 준비하고 있다고 밝혔다. 베선트 장관은 13일 블룸버그TV 인터뷰에서 ""도널드 트럼프 대통령은 이번 회담에서 블라디미르 푸틴 러시아 대통령에게 모든 선택지가 테이블 위에 있다는 것을 분명히 할 것""이라고 말했다. 그러면서 회담의 성과가 없을 경우 러시아에 추가 제재를 부과하고 2차 관세를 상향할 수 있다고 경고했다. 다만 그는 제재가 강화될 수도 있고 완화될 수도 있으며, 특정 시한을 설정하는 방식도 가능하다며 협상 결과에 따라 제재 수위를 조절할 수 있다는 입장을 내비쳤다. 베선트 장관은 유럽 지도자들을 향해서도 러시아에 대한 제재를 지렛대로 활용해야 한다고 강조했다. 한편 백악관은 이번 정상회담이 푸틴 대통령의 요청에 따라 마련된 것이라고 밝히며 ""이 전쟁을 어떻게 끝낼 수 있을지에 대해 보다 확고하고 더 나은 이해를 얻기 위한 자리""라고 설명했다. 그러면서 이번 회담이 트럼프 대통령에게 '듣는 자리'가 될 것이라고 덧붙였다.",https://n.news.naver.com/mnews/article/025/0003461838?sid=104
세계,벨라루스 국방장관 “다음달 합동 군사훈련에서 러시아 핵무기 사용 훈련”,2025.08.13,지난 5월9일 러시아 모스크바 붉은광장에서 열린 전승절 군사 퍼레이드에서 벨라루스 군인들이 행진하고 있다. EPA연합뉴스러시아와 벨라루스의 합동 군사훈련에서 러시아산 핵무기 사용 훈련을 할 예정이라고 빅토르 흐레닌 벨라루스 국방장관이 13일 밝혔다.로이터통신 등 외신에 따르면 이날 흐레닌 국방장관은 벨라루스 민스크에서 열린 기자회견에서 오는 ‘자파드-2025’에서 핵무기와 러시아의 중거리 탄도미사일 ‘오레시니크’ 사용 훈련이 포함될 것이라고 밝혔다.자파드-2025 훈련은 러시아와 벨라루스의 합동 군사훈련으로 다음달 12~16일 벨라루스에서 진행된다.흐레닌 장관은 이날 핵무기를 “전략적 억제 정책의 중요한 요소”로 규정했다. 그는 “대통령의 요구에 따라 우리는 어떤 상황에도 대비해야 한다“며 ”화약은 항상 건조하게 보관해야 한다”고 말했다.지난주 알렉산드르 루카셴코 벨라루스 대통령은 “아무도 핵무기를 사용하길 원하지 않는다”면서도 유사시 “모든 가용 수단으로 대응할 것”이라고 말한 바 있다. 블라디미르 푸틴 러시아 대통령도 지난달 루카셴코 대통령과 회담에서 오레시니크를 올해 내 벨라루스에 배치할 계획이라고 언급했다.‘형제 국가’로 불리기도 하는 러시아와 벨라루스는 정치·군사적으로 긴밀한 관계를 이어오고 있다. 2023년 3월 푸틴 대통령은 벨라루스의 요청에 따라 미국이 동맹국에 핵을 배치하듯 러시아의 전술핵무기를 벨라루스에 배치하겠다고 발표했다. 이듬해 4월25일 루카셴코 대통령은 수십 기의 러시아 최신 핵무기가 자국에 배치됐다고 확인했다.,https://n.news.naver.com/mnews/article/032/0003389474?sid=104
세계,"""이스라엘, 아프리카 남수단에 가자지구 주민 이주 논의""(종합)",2025.08.13,"이스라엘 외무차관, 남수단 첫 방문하며 관심 증폭남수단 ""근거 없는 보도, 우리 입장 반영된 것 아냐"" 가자지구 김동호 특파원 = 이스라엘이 가자지구의 팔레스타인 주민들을 동아프리카 남수단으로 이주시키는 방안을 논의하고 있다는 보도가 나오자 13일 남수단 정부가 이를 부인했다. 전날 AP 통신 보도에 따르면 남수단에서 활동하는 미국 로비업체의 조 즐라빅은 이스라엘 대표단이 남수단을 찾아 팔레스타인 주민 수용시설을 건설할 가능성을 검토할 계획이라는 것을 남수단 당국자들로부터 들었다고 전했다. 현지에서 시민단체를 이끄는 에드문드 야카니도 이 같은 논의와 관련해 남수단 당국자들과 이야기를 나눈 적이 있다고 말했다. 이집트 측 관계자들은 이스라엘이 남수단과 접촉하는 것을 수개월 전부터 파악하고 있었고 이를 무산시키기 위해 물밑에서 로비 활동 중이라고 언급했다. 이집트는 지난 2월 도널드 트럼프 미국 대통령이 현지 주민들을 외부로 이주시킨 뒤 휴양지로 개발하겠다는 '가자지구 구상'을 밝히며 이주 대상지로 이집트, 요르단 등을 지목했을 때부터 이런 계획에 반대해왔다. AP는 재정난에 시달려온 남수단이 외교적, 경제적 이득을 고려해 팔레스타인 주민 수용을 검토할 가능성이 있다면서도 주민들이 자발적으로 남수단행을 택할 가능성은 작다고 분석했다. 오랜 기간 내전을 겪었던 남수단은 현재 부패와 기근으로 불안정한 상황이다. 베냐민 네타냐후 이스라엘 총리는 이날 i24 방송 인터뷰에서 ""전쟁법에 따르더라도 주민들이 떠날 수 있도록 허용한 뒤 그곳에 들어가 남은 적들과 온 힘을 다해 싸우는 것이 옳다""고 말했다. 또 시리아, 우크라이나, 아프가니스탄 등 분쟁지역에서 벌어졌던 사례를 거론하며 가자지구 민간인의 이주가 허용돼야 한다고 주장했다. 이스라엘이 다른 나라들과 주민 수용 방안을 논의 중이라고도 말했다. 앞서 AP통신도 이스라엘이 수단, 소말리아, 미승인국 소말릴란드 등에 팔레스타인 주민들을 수용시키는 방안을 타진했다고 보도한 바 있다. 이날 샤렌 하스켈 이스라엘 외무차관이 남수단을 찾아 살바 키르 대통령을 비롯해 외무장관, 의회 의장 등을 잇따라 만날 계획이라는 소식이 전해지며 이주 계획에 대한 관측이 더욱 이목을 끌었다. 일간 타임스오브이스라엘은 이스라엘 정부 대표가 남수단을 공식 방문하는 것은 이번이 처음이라며 의미를 부여했다. 이에 남수단 외무부는 엑스를 통해 성명을 내고 ""남수단이 가자지구의 팔레스타인 주민의 재정착과 관련해 이스라엘과 논의 중이라는 최근 언론 보도를 강력히 부인한다""고 밝혔다. 남수단 외무부는 ""이런 주장에는 근거가 없으며, 남수단 정부의 공식적인 입장이나 정책이 반영되지도 않았다""고 강조했다. dk@yna.co.kr",https://n.news.naver.com/mnews/article/001/0015565479?sid=104
세계,“힘 없는 우크라 대접해 줄 리가”…미국·러시아 양자회담 못박은 트럼프,2025.08.13,"15일 알래스카 회담 장소 확정美 “러 입장 듣는 자리 될것”‘우크라 패싱’ 현실화 우려 지난 2018년 7월 16일 핀란드 헬싱키에서 인사를 나누는 도널드 트럼프 미국 대통령과 블라디미르 푸틴 러시아 대통령. 미국 백악관은 오는 15일 알래스카에서 열리는 미·러 정상회담이 우크라이나의 참여 없이 도널드 트럼프 미국 대통령과 블라디미르 푸틴 러시아 대통령 간의 양자 회담으로 진행될 예정이라고 재차 확인했다.미·러 정상회담은 알래스카 최대 도시 앵커리지의 엘먼도프-리처드슨 합동기지에서 열릴 전망이다.캐롤라인 레빗 백악관 대변인은 12일 백악관에서 진행된 브리핑에서 미·러 정상회담이 알래스카주 최대도시인 앵커리지에서 개최된다고 밝혔다.회담 중 두 정상의 일대일 대면이 이뤄지고, 트럼프 대통령은 볼로디미르 젤렌스키 우크라이나 대통령을 포함한 3자 정상회담은 미래에 개최하기를 희망하고 있다고 레빗 대변인은 전했다. 트럼프 미국 대통령, 젤렌스키 우크라이나 대통령, 푸틴 러시아 대통령. 트럼프 대통령이 푸틴 대통령을 만나기 전 젤렌스키 대통령과 회담할지 여부에 대해 레빗 대변인은 답하지 않았다. 그는 또 트럼프 대통령의 러시아 답방 가능성에 대해 “아마도 미래에 러시아를 방문할 계획이 있을 것”이라며 배제하지 않았다.레빗 대변인은 “트럼프 대통령은 푸틴 대통령의 요청에 따라 회담에 동의했다”며 “트럼프 대통령의 목표는 우리가 어떻게 이 전쟁을 끝낼 수 있을지에 대한, 더 나은 이해를 얻는 것”이라고 말했다. 그러면서 이번 회담은 트럼프 대통령에게 “듣는 연습”이라고 덧붙였다.이 가운데 태미 브루스 미 국무부 대변인은 이날 열린 브리핑에서 미·러 정상회담때 ‘러시아를 위한 북한군 파병’ 문제도 논의하냐는 질문에 “대화가 정확히 어떻게 흐를지 나는 알지 못할 것이며 대화에 참여하는 두 정상을 제외하면 당연히 누구도 알지 못할 것”이라고 답하기도 했다. 북한 김정은, 푸틴 대통령과 상봉 2023.9.14 이 가운데 트럼프 대통령과 푸틴 대통령의 회담은 앵커리지 북부의 JBER이 최종 낙점받았다고 CNN은 전했다. CNN은 알래스카 주도인 주노나 중부지역인 페어뱅크스 등도 후보지로 검토됐으나 여름철 관광객이 붐비는 상황에서 보안 조건을 충족할 수 있는 곳이 앵커리지밖에 없었다고 행사 준비팀 관계자들을 인용해 보도했다.백악관 측은 미군 기지에 러시아 정상과 수행원들을 부르는 것이 보기 좋지 않다는 점을 들어 가능하면 피하려 했지만, 달리 선택지가 없었다는 전언이다. 이번 정상회담 계획은 예정일을 불과 1주일 남겨놓고 발표된 만큼, 양국 실무진은 적절한 회담장을 물색하느라 어려움을 겪은 것으로 알려졌다.러시아 외무부는 마코 루비오 미국 국무장관과 세르게이 라브로프 러시아 외무장관이 12일 회담 준비와 관련해 대화를 나눴다고 전했다. 러시아 외무부는 이날 성명에서 라브로프 장관과 루비오 장관이 미·러 정상회담을 성공적으로 개최하겠다는 의지를 확인했다고 설명했다.",https://n.news.naver.com/mnews/article/009/0005541296?sid=104
세계,"""러시아·벨라루스 연합훈련에 핵무기 운용계획 포함""",2025.08.13,"중거리 탄도미사일 오레시니크 사용계획도 포함돼9월 12~16 러시아-벨라루스 연합훈련 개최 블라디미르 푸틴 러시아 대통령과 알렉산더 루카셴코 벨라루스 대통령이 1일 러시아 카렐리아 공화국에 있는 발람 수도원에서 만나 회담하고 있다. 2025.08.01 ⓒ 로이터=뉴스1 ⓒ News1 류정민 특파원 강민경 기자 = 다음 달로 예정된 러시아와 벨라루스의 연합 훈련에 핵무기와 중거리 탄도미사일 오레시니크의 사용 계획이 포함된다.벨라루스 벨타통신에 따르면 빅토르 흐레닌 벨라루스 국방부 장관은 13일 다가오는 러시아·벨라루스 연합 전략 훈련 '자파드 2025'에서 핵무기와 오레시니크 시스템 운용 계획이 다뤄진다고 밝혔다.이는 벨라루스가 지난해 초 핵무기 사용을 명시한 신규 군사 독트린을 채택한 이후 실질적인 훈련에 적용하는 첫 사례다.흐레닌 장관은 ""핵무기 운용 계획이 훈련에 포함되는 것은 우리의 전략적 억제 정책의 핵심적인 요소""라며 ""국가수반은 우리가 모든 가능한 시나리오에 대비해야 한다고 요구했다""고 설명했다.오레시니크 미사일 시스템과 관련해서는 ""자파드 훈련의 일환으로 러시아 동료들과 함께 이 무기 시스템의 운용 계획을 수립하는 훈련을 당연히 실시할 것""이라고 말했다.그는 ""서부와 북부 국경의 상황을 예의주시하고 있으며 지속적인 군사화와 군사 활동을 수동적으로 지켜보고 있을 수만은 없다""며 ""개방성과 평화에 대한 의지를 보여주면서도 만일의 사태에는 항상 대비해야 한다""고 주장했다.자파드 2025 훈련은 9월 12일부터 16일까지 벨라루스 중부 보리소프시 외곽의 주요 군 훈련장에서 실시된다. 훈련은 침략을 격퇴하는 계획과 지휘 통제 훈련과 점령당한 영토를 수복하고 상황을 안정시키는 실기동 훈련으로 구성된다.러시아는 우크라이나 침공 이듬해인 2023년 벨라루스에 전술핵무기를 배치했고, 한쪽이 재래식 무기로 중대한 위협을 받을 경우 러시아의 핵무기를 사용할 수 있도록 했다.블라디미르 푸틴 러시아 대통령은 지난달 루카셴코 대통령과의 회담에서 오레시니크를 올해 안으로 벨라루스 내에 배치하겠다고 밝혔다.",https://n.news.naver.com/mnews/article/421/0008427579?sid=104
세계,"“놀이 교육” 30대 여교사, 11살 제자에 성폭행…美 충격",2025.08.13,"일리노이주 지역방송 WCIA-TV와 폭스뉴스 제휴 ‘폭스32 시카고’ 보도에 따르면 일리노이주 디케이터 공립학교 대체교사였던 앨리 바드필드는 지난 7일 재판에서 자신에게 적용된 약탈적 아동 성폭행 혐의를 인정했다. 일리노이주 마운트 자이언 경찰 자료.미국 일리노이주에서 30대 여교사가 11세 남학생 제자를 성폭행한 사실이 드러나 파문이 일고 있다.일리노이주 지역방송 WCIA-TV와 폭스뉴스 제휴 ‘폭스32 시카고’ 보도에 따르면 일리노이주 디케이터 공립학교 대체교사였던 앨리 바드필드는 지난 7일 재판에서 자신에게 적용된 약탈적 아동 성폭행 혐의를 인정했다.해당 혐의 적용시 최대 60년의 징역형에 처할 수 있으나, 바드필드 측과 검사는 형량 거래에 따라 40년으로 형량 상한을 합의한 상태다.바드필드에 대한 선고는 다음 달 25일 이뤄진다.기혼 여성으로 알려진 바드필드는 2023년부터 2024년 4월까지 대체교사로 재직하면서, 6학년 학생이던 11살 남제자를 성폭행한 혐의를 받는다.그는 ‘놀이 교육’ 명목으로 학생을 집으로 유인한 뒤 최소 두 차례 성폭행한 것으로 조사됐다.교사의 범행은 교사의 집을 방문한 뒤로 달라진 아들의 행동에 의심을 품은 어머니가 휴대전화를 확인하면서 발각됐다.어머니는 아들의 휴대전화에서 교사와 노골적인 성적 메시지, 노출 사진을 교환한 것을 발견하고 경찰에 신고했다.이 과정에서 교사가 피해 아동에게 700달러를 송금한 사실도 드러났다.이후 피해 아동은 어머니에게 2024년 3월 29일 교사의 집에서도 성폭행이 있었다고 털어놨다.애초 교사는 피해 아동이 먼저 자신에게 성적으로 접근했다며 범행을 부인했으나, 이후 법정에서 유죄를 인정했다.교사의 추악한 학대 범죄가 드러나자 학교 측은 즉각 교사를 파면했으며, 사법당국과 경찰은 피해 아동 및 가족에 대한 지원에 나섰다.경찰 관계자는 “신뢰할 수 있는 위치의 인물이 저지른 범죄라는 점에서 더욱 충격적”이라며 “피해 아동과 가족의 트라우마 극복을 위해 최선을 다하고 있다”라고 밝혔다.",https://n.news.naver.com/mnews/article/081/0003565758?sid=104
세계,"외신들 ""한국 최초 전직 대통령 부부 동시구속"" 속보 타전",2025.08.13,"CNN, '김 씨 구속' 국제면 주요뉴스로 다뤄NHK ""최초 동시구속 전 대통령 부부"" 1면에 게재NYT ""한국의 전 영부인 부패 혐의로 구속"" 보도""샤넬 가방 등 뇌물…유일하게 구속된 전 영부인""주요 외신들도 윤석열 전 대통령 부인 김건희 씨의 구속 소식을 속보로 전하는 등 관심을 보였습니다.한국에서 구속된 유일한 전 영부인이며, 또 사상 처음으로 전직 대통령 부부가 동시에 구속됐다고 보도했습니다.박영진 기자가 보도입니다.AP는 ""한국 법원이 이미 구속된 윤석열 전 대통령의 부인에 대한 구속을 명령했다""면서 한밤중 김건희 씨의 구속 소식을 긴급뉴스로 타전했습니다.윤 전 대통령이 자초한 몰락은 수십 년간 이어져 온 한국 대통령들의 불행한 결말을 연장했다며,윤 전 대통령과 김 씨는 범죄 혐의로 동시 구속된 첫 대통령 부부가 됐다고도 보도했습니다.로이터도 한국 언론의 보도를 인용해 관련 소식을 전했고,미국 방송 CNN의 홈페이지 국제면에도 김 씨의 구속 소식이 주요 뉴스로 올랐습니다.일본 NHK도 김건희 씨의 구속 소식을 홈페이지 1면에 비중 있게 다뤘습니다.역시 대한민국 헌정사상 최초로 전직 대통령 부부가 동시 구속된 사례라는 점을 주목했습니다.미국 일간 뉴욕타임스도 여러 장의 사진과 함께 ""한국의 전 영부인, 부패 혐의로 구속됐다""라는 제목의 기사를 보도했습니다.샤넬 가방 등을 뇌물로 받은 혐의로 기소된 김 씨는 한국에서 유일하게 구속된 전직 영부인이라면서,한국의 다른 전직 대통령 4명이 구속된 적이 있지만, 부부 동시 구속은 이번이 처음이라는 점을 강조했습니다.또 지난주 김 씨가 특검 조사에 출석하면서 자신을 '아무것도 아닌 사람'이라고 말했지만,김 씨는 윤석열 정부와 윤 전 대통령을 추락시킨 수많은 부패 스캔들의 중심에 서 있다고 꼬집었습니다.YTN 박영진입니다.영상편집 : 오훤슬기※ '당신의 제보가 뉴스가 됩니다' YTN 검색해 채널 추가 02-398-8585 social@ytn.co.kr",https://n.news.naver.com/mnews/article/052/0002232607?sid=104
세계,"""美연준 차기의장 후보군에 월가인사 등 총 11명 올라""",2025.08.13,"CNBC ""제르보스·린지·라이더 등 3명도 후보군 포함"" 미 워싱턴DC의 연방준비제도 청사 이지헌 특파원 = 도널드 트럼프 미국 대통령이 제롬 파월 미 연방준비제도 의장의 후임으로 그동안 하마평에 오른 인사들을 포함해 총 11명의 후보 리스트를 검토하고 있다고 CNBC 방송이 복수의 익명 당국자를 인용해 13일 보도했다. 보도에 따르면 차기 연준 의장 1차 후보군으로 투자은행 제프리스의 데이비드 제르보스 수석 시장전략가, 래리 린지 전 연준 이사, 자산운용사 블랙록의 릭 라이더 채권 부문 최고투자책임자가 명단에 포함됐다. 이들 3명은 앞서 차기 연준 의장 후보군으로 거론되지 않았던 인물들이다. 현 연준 이사진 내에서는 미셸 보먼 금융감독 담당 부의장, 크리스토퍼 월러 이사, 필립 제퍼슨 부의장 등 3명이 후보 리스트에 올랐다. 조지 W. 부시 전 대통령 재임 시절 백악관 국가경제위원회 부국장으로 일했던 마크 서머린, 로리 로건 댈러스 연방준비은행 총재, 제임스 불러드 전 세인트루이스 연은 총재 등 3명도 후보 리스트에 올랐다. 이 밖에 트럼프 대통령이 인터뷰 중 의장 후보로 언급한 케빈 해싯 백악관 국가경제위원장과 케빈 워시 전 연준 이사도 유력 후보로 꼽히고 있다. 스콧 베선트 재무장관도 유력 후보로 꼽혀왔으나 재무부 장관직을 계속하고 싶다는 입장을 트럼프 대통령에게 밝히면서 현재는 후보군에서 제외됐다. 이후 베선트 장관은 최종 후보군을 트럼프 대통령에게 추천하기 위해 적임자를 추리는 임무를 주도하고 있다. 후보군 리스트가 11명이나 검토되고 있다는 점은 아직 차기 의장 최종 후보 지명이 임박하지 않았음을 시사한다고 CNBC는 설명했다. 트럼프 대통령은 자신의 금리 인하 요구에도 불구하고 금리를 동결해온 파월 현 연준 의장의 사퇴를 지속해서 압박해왔다. 파월 의장의 의장직 임기는 내년 5월까지다. pan@yna.co.kr",https://n.news.naver.com/mnews/article/001/0015565478?sid=104
세계,"트럼프 ""푸틴 회담 전 유럽 정상들과 먼저 소통""",2025.08.13,"도널드 트럼프 미국 대통령. 〈사진=로이터·연합뉴스〉 블라디미르 푸틴 러시아 대통령과 이틀 뒤 만나기로 한 도널드 트럼프 미국 대통령이 미·러 회담 전 유럽 정상들과 먼저 소통한다고 밝혔습니다. 트럼프 대통령은 현지시간 13일 소셜미디어 트루스소셜에 ""잠시 후 유럽 정상들과 대화할 것""이라며 ""그들은 합의가 성사되길 바라는 훌륭한 사람들이다""라고 적었습니다. 이는 트럼프 대통령이 푸틴 대통령을 만나기 전 그간 우크라이나를 지원해온 유럽 주요국 정상들의 견해를 먼저 들어보려는 것으로 풀이됩니다. 미·러 정상회담은 오는 15일 알래스카 앵커리지에 위치한 미 공군기지에서 열릴 예정입니다. 이번 회담에서 양국은 러시아-우크라이나 종전 방안에 대해 논의할 것으로 예상됩니다. 다만 이번 회담에 볼로디미르 젤렌스키 우크라이나 대통령과 유럽 정상들이 초대받지 못하면서 푸틴 대통령의 일방적인 주장이 반영된 합의가 도출될 수 있다는 우려가 나오고 있습니다.",https://n.news.naver.com/mnews/article/437/0000452675?sid=104
세계,"“샌드위치 먹었을 뿐인데”…18명 사상, 이탈리아 음식 위생 도마위",2025.08.13,"지난해 12월 5일 방송된 tvN 예능프로그램 ‘텐트 밖은 유럽-로맨틱 이탈리아’에서 배우 이주빈이 샌드위치를 먹고 있다. 본 기사와 관련 없음. 이탈리아에서 샌드위치를 섭취한 관광객이 사망하는 사건이 발생했다. 푸드트럭에서 식자재를 제대로 관리하지 못한 것으로 드러나면서 식품 안전에 대한 우려가 커지고 있다.13일 텔레그래프에 따르면 지난 3일에서 5일 사이 이탈리아 칼라브리아주 다이만테의 푸드트럭에서 판매하는 파니니 샌드위치를 먹은 관광객 18명에게서 보툴리누스 중독 증상이 나타났다. 이 가운데 2명이 숨지고 14명이 병원에서 치료를 받고 있다.피해자들이 섭취한 샌드위치는 소시지와 순무잎, 소스 등이 들어간 제품이었다. 피해자들은 샌드위치를 먹은 뒤 24시간에서 48시간 사이에 보툴리누스 중독 증상을 보였다.보툴리누스 중독은 보툴리누스균에 의해 발생하는 식중독의 일종이다. 통상적으로 호흡 곤란과 신경 마비, 구음장애, 구토, 장폐색 등의 증상을 수반한다. 심한 경우 사망에 이를 수 있다.이탈리아 보건당국은 식재료들이 보툴리누스균에 오염된 것으로 추정하고 있다. 식재료를 통조림 형태로 만들어 장기간 보관하는 방식으로 사용하는 식문화가 있는 나라에서 주로 발병한다. 이탈리아에서는 2001년부터 2020년 사이 452건에 달하는 보툴리누스 중독 사례가 확인됐다. 치사율은 3%였다.보툴리누스 중독을 예방하기 위해서는 식재료를 충분히 익히는 것이 중요하다. 뚜껑이나 통·병이 부풀어 오른 통조림은 버리는 것을 추천한다. 보툴리누스 중독 증상이 나타나면 되도록 빨리 항독소혈청를 투여해야 한다. 회복 후에도 일정 기간 호흡이 힘들고 피로감을 느낄 수 있다.보건당국은 같은 재료료 만들어 유통된 샌드위치를 모두 압수하라고 명령했다. 또 푸드트럭을 소유한 사장과 샌드위치를 제조한 직원 3명, 피해자들에게 적절한 진료를 제공하지 않은 혐의로 의사 5명을 조사하고 있다.",https://n.news.naver.com/mnews/article/009/0005541294?sid=104
세계,"美 재무도 금리인하 압박…""9월 빅컷 시작해 최대 1.75%P 내려야""",2025.08.13,"베선트, 블룸버그TV 인터뷰스콧 베선트 미국 재무부 장관이 미 연방준비제도가 9월 '빅컷'을 시작으로 금리를 최대 1.75%포인트 인하해야 한다고 13일 주장했다. EPA연합뉴스베선트 장관은 이날 블룸버그TV 인터뷰에서 ""9월 50bp 인하를 시작으로 일련의 금리 인하가 이어질 수 있다고 생각한다""며 ""어떤 모델을 보더라도 금리를 아마 150~175bp 낮춰야 할 것""이라고 밝혔다.현재 연 4.25~4.5%인 기준금리를 2.5~2.75% 수준까지 낮춰야 한다는 주장이다.그는 Fed가 지난달 30일 연방공개시장위원회 정례회의 당시 이틀 뒤 발표된 고용 지표 악화 통계를 미리 알았다면 금리를 인하했을 것이라는 기존 입장을 재확인했다. 이어 ""6월과 7월에 모두 금리를 인하했을 가능성이 있다""고 강조했다.앞서 지난 1일 미 노동부 산하 노동통계국은 7월 고용 보고서를 발표하며 지난 5월과 6월 고용 수치를 대폭 하향 조정했다. 노동시장이 위축되면서 Fed가 물가 억제보다 경기 둔화 위험에 대응해 금리를 낮췄을 것이란 게 베선트 장관의 관측이다. 그는 전날 폭스뉴스 인터뷰에서도 9월 빅컷을 촉구했다.베선트 장관은 그동안 Fed의 통화정책 독립성을 '보석함'에 비유하며 미래의 정책 결정에 대한 언급을 자제하겠다고 밝혔지만, 향후 금리 경로에 대한 구체적인 입장을 노골적으로 드러내는 모습이다.그는 또 2026년 5월 임기가 만료되는 제롬 파월 Fed 의장의 후임으로 현직 Fed 위원과 민간 부문 인사를 포함해 10~11명의 후보를 검토하고 있다고 밝혔다. 다만 구체적인 명단은 공개하지 않았다.아울러 아드리아나 쿠글러 전 Fed 이사의 후임으로 지명된 스티븐 미란 Fed 이사는 잔여 임기인 내년 1월까지만 근무할 것이라고 밝혔다.",https://n.news.naver.com/mnews/article/277/0005637056?sid=104
세계,"러 ""푸틴·트럼프, 정상회담서 모든 현안 논의할 것""",2025.08.13,"오는 15일 미국 알래스카에서 러시아·미국 정상회담 연합뉴스러시아 외무부는 블라디미르 푸틴 러시아 대통령과 도널드 트럼프 미국 대통령이 정상회담에서 그동안 누적된 모든 현안을 논의한다고 13일 밝혔다.타스, 리아노보스티 통신에 따르면 알렉세이 파데예프 러시아 외무부 정보보도국 부국장은 이날 브리핑에서 오는 15일 미국 알래스카에서 열리는 러시아·미국 정상회담 의제에 대해 이같이 소개했다.파데예프 부국장은 ""최근 수년간 러시아와 미국 관계는 매우 악화했다""며 ""이번 회담에서는 양국 정상이 우크라이나 위기부터 정상적이고 의미 있는 대화를 방해하는 장애물에 이르는 누적된 모든 현안에 집중할 수 있을 것""이라고 말했다.그러면서 이러한 대화가 국제 평화와 안정을 보장하는 데 도움이 된다고 설명했다.특히 이번 회담에서 양국 대통령이 우크라이나 종전 방안에 주력할 것으로 예상되는 가운데 파데예프 부국장은 지난해 6월 푸틴 대통령이 제시했던 우크라이나 문제 해결에 관한 러시아의 입장이 변하지 않았다고 강조했다.당시 푸틴 대통령은 러시아의 우크라이나 점령지에서 우크라이나군이 철수하고, 우크라이나가 북대서양조약기구 가입을 포기해야 한다는 등의 조건을 제시했다.이번 회담에서 러시아와 우크라이나의 '영토 교환'이 논의될 것이라는 보도에 대해 파데예프 부국장은 ""러시아 연방의 영토 구성은 헌법에 명확히 규정돼 있다""며 특별히 새로 설명할 게 없다고 밝혔다. 러시아는 2022년 도네츠크, 루한스크, 자포리자, 헤르손 등 점령지의 병합을 선언한 바 있다.파데예프 부국장은 푸틴 대통령과 트럼프 대통령의 의지와 추진력이 이번 회담이 신속히 준비된 결정적 요인이라고 말했다. 또 이번 정상회담에 세르게이 라브로프 러시아 외무장관도 참여한다고 덧붙였다.그는 우크라이나와 유럽 국가 정상들이 러·미 정상회담을 앞두고 이날 화상 회의를 개최한 데 대해 ""정치적으로나 실질적으로 중요하지 않은 조치""라고 평가절하했다.그러면서 ""유럽은 우크라이나 위기를 해결하려는 미국과 러시아의 외교적 노력을 말로는 지지한다고 하면서도 사실상 방해하고 있다""고 주장했다.※CBS노컷뉴스는 여러분의 제보로 함께 세상을 바꿉니다. 각종 비리와 부당대우, 사건사고와 미담 등 모든 얘깃거리를 알려주세요.이메일 : jebo@cbs.co.kr카카오톡 : @노컷뉴스사이트 : https://url.kr/b71afn",https://n.news.naver.com/mnews/article/079/0004055625?sid=104
세계,"“핵무기 사용 계획 포함”…러·벨라루스, 다음달 군사훈련",2025.08.13,"블라디미르 푸틴 러시아 대통령과 알렉산더 루카셴코 벨라루스 대통령이 지난 1일 러시아 카렐리아 공화국에 있는 발람 수도원에서 만나 회담하고 있다. 러시아와 벨라루스가 다음 달 합동 군사훈련에서 핵무기와 중거리 탄도미사일 ‘오레시니크’ 사용 계획을 다룰 것이라고 빅토르 흐레닌 벨라루스 국방장관이 13일 밝혔다.벨라루스 벨타 통신에 따르면 흐레닌 장관은 다음 달 12∼16일 벨라루스에서 열리는 ‘자파드 2025’ 훈련에 핵무기와 오레시니크 배치 계획이 포함된다고 말했다.그는 “이는 전략적 억제 정책의 중요한 요소”라며 알렉산드르 루카셴코 벨라루스 대통령이 ‘모든 가능한 시나리오에 대비해야 한다’고 요구했다고 밝혔다.그는 이어 “우리는 서부·북부 국경 상황을 예의주시하고 있으며 지속적인 군사화와 군사활동을 소극적으로 지켜보기만 할 수 없다”고 강조했다.러시아는 우크라이나 ‘특별군사작전’ 이후 유럽과 대립하게 되자 2023년 벨라루스에 전술핵무기를 배치했고, 양국 중 한쪽이 재래식 무기로 ‘중대한 위협’을 받을 때 러시아의 핵무기를 사용할 수 있도록 조치했다.블라디미르 푸틴 러시아 대통령은 지난달 루카셴코 대통령과 회담하면서 지난해 공개한 신형 극초음속 중거리 탄도 미사일 오레시니크를 연내 벨라루스에 배치할 계획이라고 언급했다.",https://n.news.naver.com/mnews/article/009/0005541293?sid=104
세계,"일본, 중고 호위함 동남아 수출 검토...""규제 어긋나""",2025.08.13,"일본 정부가 해상자위대 중고 호위함을 필리핀, 인도네시아, 베트남 등 동남아시아 국가에 수출하는 방안을 검토하고 있다고 교도통신이 보도했습니다.교도통신은 오늘 방위성이 1989∼1993년에 취역한 '아부쿠마'형 호위함 6척의 수출을 추진하고 있다고 전했습니다.이들 호위함은 신형 함정과 비교해 운용에 많은 인력이 필요해 향후 퇴역할 예정입니다.일본 정부는 해상 교통로에서 중요한 위치에 있는 동남아시아에 중고 호위함을 수출하면 안보 협력을 강화하고 중국을 견제할 수 있다고 보는 것으로 알려졌습니다.이미 일본은 올해 인도네시아, 필리핀과 호위함 수출 방안을 논의한 것으로 전해졌습니다.일본은 2022년 책정한 방위력 정비 계획에서 오래전에 취역해 확장성 등에 한계가 있는 함정을 조기에 퇴역시키기로 했으며, 이들 장비를 우호국에 이전하는 방안을 검토하기로 했습니다.다만 일본에서 살상 능력이 있는 무기를 수출할 때는 공동 개발·생산이라는 조건을 충족해야 하는데, 이미 완성된 제품인 중고 호위함이 이를 만족시키는지에 대해 이론이 있을 수 있다고 교도통신은 짚었습니다.※ '당신의 제보가 뉴스가 됩니다' YTN 검색해 채널 추가 02-398-8585 social@ytn.co.kr",https://n.news.naver.com/mnews/article/052/0002232594?sid=104
세계,"이스라엘 항공 승무원에 ""팔레스타인 자유""…프랑스 관제사 징계",2025.08.13,"▲ 프랑스 샤를드골 공항 프랑스 파리 샤를 드골 공항의 항공 교통 관제사가 이스라엘 항공사 승무원에게 ""팔레스타인에 자유를""이라고 말했다가 징계를 받았습니다. 12일 AFP 통신에 따르면 샤를 드골 공항의 한 관제사는 전날 아침 이스라엘 항공사 엘알이 이륙한 뒤 해당 승무원과 무선 교신 중 ""팔레스타인에 자유를""이라고 언급했습니다. 항공사 측은 프랑스 당국에 신고했고 무선 통신 기록 분석 결과 발언이 사실로 확인됐습니다. 필리프 타바로 프랑스 교통장관은 엑스에 ""해당자는 관제사로 확인됐으며, 즉시 직무 수행이 금지됐다. 징계 절차가 진행 중""이라며 ""처벌은 사안의 심각성에 상응해야 한다""고 밝혔습니다. 타바로 장관은 다른 게시글에서 ""이는 항공 교통 안전과 원활한 운영을 위해 제한돼야 하는 무선 통신 규정을 위반한 것으로 용납할 수 없는 행위""라며 ""또한 이는 공공 서비스의 이미지를 훼손하는 행위""라고 비판했습니다. 프랑스 유대인기관대표협의회도 이 사건을 ""용납할 수 없다""고 규탄하며 ""정치적 중립성 의무를 위반할 뿐만 아니라 이륙 중인 항공기와 관제탑 간 통신 안전 프로토콜에도 위배된다""고 지적했습니다.",https://n.news.naver.com/mnews/article/055/0001283766?sid=104
세계,"“우리 집에 왜왔냐, 멍!”…흑곰 쫓아낸 2kg 포메라니안",2025.08.13,"출처=틱톡캐나다 밴쿠버에서 2.7kg짜리 포메라니안이 집 안에 들어온 흑곰을 겁 없이 몰아낸 영상이 화제가 되고 있습니다.집 주인 케일라 클라인은 더위를 식히려고 문을 열어둔 사이 집 근처를 자주 어슬렁거리던 흑곰 한 마리가 거실로 들어왔습니다. 곰은 킁킁거리며 거실을 살펴보다 복도에서 날아오듯 달려온 포메라니안과 맞닥뜨렸습니다.3살밖에 안 된 포메라니안 '스카웃'은 짖으며 돌진했고, 곰은 즉시 방향을 틀어 문밖으로 달아났습니다. 그러나 스카웃은 멈추지 않고 마당까지 쫓아갔습니다. 클라인 씨는 “곰이 스카웃의 아침 식사까지 먹고 있었다”며 “곰 스프레이를 들고 나갔더니 이미 울타리 밖으로 달아나 있었다”고 전했습니다.그녀는 “스카웃은 평소 애교가 많지만, 가족을 지킬 때는 무척 사납다”며 “이번 일을 계기로 문을 꼭 닫아두려 한다”고 말했습니다. 이를 본 누리꾼들은 “둘 다 자기 크기를 과소평가했다”, “곰이 다른 곰들에게 '크고 털 많은 공룡이 나를 거의 죽일 뻔했다'고 말했을 것 같다”, “작은 개들은 정말 사납다” 등의 반응을 보였습니다.",https://n.news.naver.com/mnews/article/030/0003340750?sid=104
세계,"유럽 '트럼프 설득' 분주한데…헝가리 ""러시아가 전쟁 이겼다""",2025.08.13,"▲ 오르반 빅토르 헝가리 총리 오르반 빅토르 헝가리 총리가 미국·러시아 정상회담을 앞두고 ""러시아가 이미 전쟁에 승리했다""고 주장했다고 13일 로이터 통신이 보도했습니다. 보도에 따르면 오르반 총리는 전날 유튜브 채널 '패트리오타'와 인터뷰에서 ""마치 끝이 보이지 않는 전쟁 상황인 것처럼 얘기하고 있지만, 그렇지 않다""며 ""우크라이나는 전쟁에서 패했다. 러시아가 이겼다""고 말했습니다. 그는 ""관건은 우크라이나를 지원해 온 서방이 언제 그리고 어떤 상황에서 사실을 인정하고 이로 인해 어떤 결과가 초래되는 지이다""라고 주장했습니다. 오르반 총리는 유럽이 조 바이든 미 행정부 시절 러시아와 협상할 기회를 이미 놓쳤으며, 이제는 유럽의 관여 없이 유럽 미래가 결정될 위험에 처했다고 지적하기도 했습니다. 또 오는 15일로 예정된 도널드 트럼프 미 대통령과 블라디미르 푸틴 러시아 대통령 간 회담에 초대받지 않은 EU가 우크라이나 문제에 관한 성명을 낸 것은 스스로를 ""우스꽝스럽고 한심하게"" 만드는 격이라고 비판했습니다. 헝가리는 전날 발표된 EU 공동성명에 홀로 동참하지 않았습니다. 오르반 총리의 발언은 유럽 각국이 트럼프 대통령이 푸틴 대통령과 만나기 전 우크라이나와 유럽의 입장을 설득하고 이해시키기 위해 분주한 가운데 나온 것입니다. 트럼프 대통령과 유럽 정상 간 화상회의는 이날 오후 열립니다. 헝가리는 EU와 북대서양조약기구 회원국이지만 친러 성향인 오르반 총리는 우크라이나 전쟁 발발 이후 우크라이나 군사지원에 반대 입장을 고수했습니다. EU의 대러시아 제재 결정 과정에서도 빈번하게 제동을 걸었으며 우크라이나의 EU 가입을 지지하는 내용의 이전 공동성명에도 매번 빠졌습니다.",https://n.news.naver.com/mnews/article/055/0001283765?sid=104
세계,"러 ""푸틴·트럼프, 정상회담서 모든 현안 논의할 것""",2025.08.13,"러시아 외무부는 블라디미르 푸틴 러시아 대통령과 도널드 트럼프 미국 대통령이 정상회담에서 그동안 누적된 모든 현안을 논의할 것이라고 13일 밝혔습니다. 타스, 리아노보스티 통신에 따르면 알렉세이 파데예프 러시아 외무부 정보보도국 부국장은 이날 브리핑에서 오는 15일 미국 알래스카에서 열리는 러시아·미국 정상회담 의제에 대해 이같이 소개했습니다. 파데예프 부국장은 ""최근 수년간 러시아와 미국 관계는 매우 악화했다""며 ""이번 회담에서는 양국 정상이 우크라이나 위기부터 정상적이고 의미 있는 대화를 방해하는 장애물에 이르는 누적된 모든 현안에 집중할 수 있을 것""이라고 말했습니다. 그러면서 이러한 대화가 국제 평화와 안정을 보장하는 데 도움이 된다고 설명했습니다. 특히 이번 회담에서 양국 대통령이 우크라이나 종전 방안에 주력할 것으로 예상되는 가운데 파데예프 부국장은 지난해 6월 푸틴 대통령이 제시했던 우크라이나 문제 해결에 관한 러시아의 입장이 변하지 않았다고 강조했습니다. 당시 푸틴 대통령은 러시아의 우크라이나 점령지에서 우크라이나군이 철수하고, 우크라이나가 북대서양조약기구 가입을 포기해야 한다는 등의 조건을 제시했습니다. 이번 회담에서 러시아와 우크라이나의 '영토 교환'이 논의될 것이라는 보도에 대해 파데예프 부국장은 ""러시아 연방의 영토 구성은 헌법에 명확히 규정돼 있다""며 특별히 새로 설명할 게 없다고 밝혔습니다. 러시아는 2022년 도네츠크, 루한스크, 자포리자, 헤르손 등 점령지의 병합을 선언한 바 있습니다. 파데예프 부국장은 푸틴 대통령과 트럼프 대통령의 의지와 추진력이 이번 회담이 신속히 준비된 결정적 요인이라고 말했습니다. 또 이번 정상회담에 세르게이 라브로프 러시아 외무장관도 참여한다고 덧붙였습니다. 그는 우크라이나와 유럽 국가 정상들이 러·미 정상회담을 앞두고 이날 화상 회의를 개최한 데 대해 ""정치적으로나 실질적으로 중요하지 않은 조치""라고 평가절하했습니다. 그러면서 ""유럽은 우크라이나 위기를 해결하려는 미국과 러시아의 외교적 노력을 말로는 지지한다고 하면서도 사실상 방해하고 있다""고 주장했습니다.",https://n.news.naver.com/mnews/article/055/0001283764?sid=104
세계,"일본, 중고 호위함 동남아 수출 검토…“규제 어긋나” 지적도",2025.08.13,"일본 정부가 해상자위대 중고 호위함을 필리핀, 인도네시아, 베트남 등 동남아시아 국가에 수출하는 방안을 검토하고 있다고 교도통신이 13일 보도했습니다. 보도에 따르면 방위성은 1989∼1993년에 취역한 ‘아부쿠마’형 호위함 6척의 수출을 추진하고 있습니다. 이들 호위함은 신형 함정과 비교해 운용에 많은 인력이 필요해 향후 퇴역할 예정입니다. 일본 정부는 해상 교통로에서 중요한 위치에 있는 동남아시아에 중고 호위함을 수출하면 안보 협력을 강화하고 중국을 견제할 수 있다고 보는 것으로 알려졌습니다. 이미 일본은 올해 인도네시아, 필리핀과 호위함 수출 방안을 논의한 것으로 전해졌습니다. 베트남과도 최근 방위 당국 간 협력을 추진하면서 지난해 육상자위대 중고 자재 운반 차량 2대를 양도한 바 있습니다. 일본은 2022년 책정한 방위력 정비 계획에서 오래전에 취역해 확장성 등에 한계가 있는 함정을 조기에 퇴역시키기로 했으며, 이들 장비를 우호국에 이전하는 방안을 검토하기로 했습니다. 다만 일본에서 살상 능력이 있는 무기를 수출할 때는 ‘공동 개발·생산’이라는 조건을 충족해야 하는데, 이미 완성된 제품인 중고 호위함이 이를 만족시키는지에 대해서는 이론이 있을 수 있다고 교도통신은 짚었습니다. 교도는 “일본 정부는 각국 요구에 응해 사양을 변경하는 것을 ‘공동 개발’이라고 할 방침이지만, 방위장비 이전 3원칙에 근거한 규제가 사문화할 우려가 있다”고 지적했습니다. 이와 관련해 방위성 관계자는 “여야의 이해를 얻을 수 있을지는 불투명하다”고 말했습니다. 일본은 이와는 별개로 호주에 신형 호위함을 수출하는 방안도 추진하고 있습니다.■ 제보하기▷ 전화 : 02-781-1234, 4444▷ 이메일 : kbs1234@kbs.co.kr▷ 카카오톡 : 'KBS제보' 검색, 채널 추가▷ 네이버, 유튜브에서 KBS뉴스를 구독해주세요!",https://n.news.naver.com/mnews/article/056/0012008699?sid=104
세계,"“러·벨라루스, 내달 군사훈련에 핵무기 사용 계획 포함”",2025.08.13,"러시아와 벨라루스가 다음 달 합동 군사훈련에서 핵무기와 중거리 탄도미사일 ‘오레시니크’ 사용 계획을 다룰 것이라고 빅토르 흐레닌 벨라루스 국방장관이 13일 밝혔습니다. 벨라루스 벨타 통신에 따르면 흐레닌 장관은 다음 달 12∼16일 벨라루스에서 열리는 ‘자파드 2025’ 훈련에 핵무기와 오레시니크 배치 계획이 포함된다고 말했습니다. 흐레닌 장관은 “이는 전략적 억제 정책의 중요한 요소”라며 알렉산드르 루카셴코 벨라루스 대통령이 ‘모든 가능한 시나리오에 대비해야 한다’고 요구했다고 밝혔습니다. 그러면서 “우리는 서부·북부 국경 상황을 예의주시하고 있으며 지속적인 군사화와 군사활동을 소극적으로 지켜보기만 할 수 없다”고 강조했습니다. 러시아는 우크라이나 ‘특별군사작전’ 이후 유럽과 대립하게 되자 2023년 벨라루스에 전술핵무기를 배치했고, 양국 중 한쪽이 재래식 무기로 ‘중대한 위협’을 받을 때 러시아의 핵무기를 사용할 수 있도록 조치했습니다. 블라디미르 푸틴 러시아 대통령은 지난달 루카셴코 대통령과 회담하면서 지난해 공개한 신형 극초음속 중거리 탄도 미사일 오레시니크를 연내 벨라루스에 배치할 계획이라고 언급했습니다.■ 제보하기▷ 전화 : 02-781-1234, 4444▷ 이메일 : kbs1234@kbs.co.kr▷ 카카오톡 : 'KBS제보' 검색, 채널 추가▷ 네이버, 유튜브에서 KBS뉴스를 구독해주세요!",https://n.news.naver.com/mnews/article/056/0012008698?sid=104
세계,"""러·벨라루스, 내달 군사훈련에 핵무기 사용 계획 포함""",2025.08.13,"▲ 블라디미르 푸틴 러시아 대통령과 알렉산드르 루카셴코 벨라루스 대통령 러시아와 벨라루스가 다음 달 합동 군사훈련에서 핵무기와 중거리 탄도미사일 '오레시니크' 사용 계획을 다룰 것이라고 빅토르 흐레닌 벨라루스 국방장관이 13일 밝혔습니다. 벨라루스 벨타 통신에 따르면 흐레닌 장관은 다음 달 12∼16일 벨라루스에서 열리는 '자파드 2025' 훈련에 핵무기와 오레시니크 배치 계획이 포함된다고 말했습니다. 그는 ""이는 전략적 억제 정책의 중요한 요소""라며 알렉산드르 루카셴코 벨라루스 대통령이 '모든 가능한 시나리오에 대비해야 한다'고 요구했다고 밝혔습니다. 그러면서 ""우리는 서부·북부 국경 상황을 예의주시하고 있으며 지속적인 군사화와 군사활동을 소극적으로 지켜보기만 할 수 없다""고 강조했습니다. 러시아는 우크라이나 '특별군사작전' 이후 유럽과 대립하게 되자 2023년 벨라루스에 전술핵무기를 배치했고, 양국 중 한쪽이 재래식 무기로 '중대한 위협'을 받을 때 러시아의 핵무기를 사용할 수 있도록 조치했습니다. 블라디미르 푸틴 러시아 대통령은 지난달 루카셴코 대통령과 회담하면서 지난해 공개한 신형 극초음속 중거리 탄도 미사일 오레시니크를 연내 벨라루스에 배치할 계획이라고 언급했습니다.",https://n.news.naver.com/mnews/article/055/0001283761?sid=104
세계,"미 베선트, 알래스카 회담 낙관하면서 ""어긋나면 제재 관세 터져""",2025.08.13,"트럼프의 협상력과 푸틴의 달라진 '협상 자세' 강조 스콧 베선트 미국 재무장관이 7월 초 미국 연방 의사당에서 취재진 질문에 답하고 있다. 2025.07.23. 김재영 기자 = 도널드 트럼프 미 대통령과 유럽 주요 정상들 간의 화상 회동이 임박한 13일 오전 스콧 베선트 미 재무장관은 15일의 알래스카 트럼프-푸틴 정상회담에 관해 낙관적인 전망을 밝혔다. BBC에 따르면 베선트 장관은 ""모든 사람들이 푸틴에 대한 기대감이 실망과 좌절감으로 바뀐 경험이 있다""면서도 ""지금은 푸틴이 협상할 자세가 되어 있는 것으로 보인다""고 불룸버그 TV에 말했다.""우리 대통령은 협상 타결의 레버리지를 창출하는 데 아주 뛰어나며 그리고 이번에 푸틴 대통령에게 '모든 옵션이 테이블 위에 있다'는 것을 분명히 보여줄 것""라는 설명이다.그러면서도 베선트는 경고를 잊지 않았다. 회담이 계획대로 가지 않으면 ""그때 직접 제재나 관련 제3국 세컨더리 관세가 크게 올라간다""는 것이다. 미 재무장관은 여기서 유럽이 러시아 관련 세컨더리 제재에 기꺼이 동참해야 한다고 거듭 강조했다. 그래야 더 강하고 큰 레버리지가 생겨난다고 덧붙였다.",https://n.news.naver.com/mnews/article/003/0013421128?sid=104
세계,"[속보]美 ""北, 가장 억압적 권위주의 국가…강력한 대응 조율""",2025.08.13,후속기사가 이어집니다,https://n.news.naver.com/mnews/article/003/0013421127?sid=104
세계,벨라루스 국방 “다음달 자파드 훈련에 핵무기·오레시니크 미사일 배치 연습”,2025.08.13,"2023년 5월 협정으로 러 전술핵 무기 벨라루스 배치 선언우크라 정보국장 “벨라루스, 운반 시스템만 갖추고 핵탄두는 없어”루카센코 “벨라루스에 수십 개 핵탄두 이미 배치” 지난해 5월 7일 군사훈련을 시찰하는 빅토르 크레닌 벨라루스 국방부 장관. 2025.08.13. *재판매 및 DB 금지 구자룡 기자 = 도널드 트럼프 미국 대통령과 블라미디르 푸틴 러시아 대통령의 15일 알래스카 정상회담을 앞두고 있는 가운데 벨라루스가 러시아와 핵무기 배치 훈련 계획을 밝혔다. 미국과 협상을 하는 가운데 우크라이나에는 무력 압박을 위한 양면 전술로 풀이된다. 빅토르 크레닌 벨라루스 국방부 장관은 12일 다음달 ‘자파드-2025 군사 훈련’에는 핵무기와 오레시니크 극초음속 미사일 시스템 배치를 위한 연습 계획이 포함될 것이라고 말했다. 13일 벨라루스 국영 통신사 벨타 보도에 따르면 크레닌 장관은 전날 알렉산드르 루카셴코 대통령에게 훈련 보고서를 제출한 후 “대통령이 가능한 모든 시나리오에 대비해야 한다고 요구했다”며 이렇게 말했다. 러시아-벨라루스의 전략 훈련인 ‘자파드 2025’는 다음달 12일부터 16일까지 벨라루스에서 실시되며 양국 군대가 실시하는 가장 대규모 훈련 중 하나다. 벨라루스 국방부는 참가 인원이 1만 3000 이상이라고 밝혔지만 북대서양조약기구는 이 훈련에 최대 15만 명의 병력이 참여할 것으로 추산한다. 벨라루스는 러시아의 핵심 동맹국으로 양국은 2023년 5월 협정을 맺고 러시아의 전술 핵무기를 벨라루스 영토에 배치한 것으로 알려졌다고 키이우 인디펜던트는 전했다. 러시아는 2022년 2월 우크라이나 침공 이후 우크라이나와 동맹국을 상대로 핵무기를 사용하겠다는 은근하거나 공개적인 위협을 반복해서 내렸다. 이같은 핵무기 배치 훈련 계획과 관련 우크라이나 정보국장 올레흐 이바셴코는 벨라루스가 핵 운반 시스템만 갖추고 있고 탄두는 없다고 주장했다고 KI는 전했다. 그는 벨라루스 군이 연말까지 오레슈니크 시스템을 확보할 것이라는 루카셴코의 주장을 일축했다. 앞서 루카센코 대통령은 지난해 4월 25일 벨라루스에 수십 개의 핵탄두가 배치되어 있다고 확인했다고 타스 통신은 12일 전했다. 러시아는 지난해 11월 우크라이나 드니프로시를 공격으로 극초음속 중거리 탄도미사일인 오레쉬니크를 처음으로 공개했다.크렘린은 이 무기가 대량 생산에 들어갔다고 주장했지만 추가적으로 이 무기를 사용한 사례는 확인되지 않았다. 벨타 통신에 따르면 크레닌 장관은 오레시니크에 대해 “당연히 자파드 훈련의 일환으로 우리는 러시아 동료들과 함께 이 무기 체계의 배치를 계획하기 위한 합동 훈련을 실시할 것”이라고 말했다. 우크라이나와 나토는 자파드-2025가 새로운 침략의 은폐 수단으로 사용될 수 있다는 우려를 표명했다고 KI는 전했다. 러시아와 벨라루스는 자파드-2021 훈련 이후 ‘유니언 리졸브-2022’ 훈련을 실시했다. 이 훈련은 러시아의 우크라이나 전면 침공 직전에 진행됐다. 이 훈련 이후 벨라루스에 남아 있던 러시아군은 2022년 2월 24일 벨라루스 영토에서 공격에 합류했다. 앞서 루카셴코 대통령은 “아무도 핵무기를 사용하고 싶어하지 않는다”며 “하지만 벨라루스 공화국에 대한 어떠한 공격에도 대응하여 가용한 모든 무기를 사용할 것이라고 경고했다”고 타스 통신은 12일 전했다. 러시아가 연말까지 벨라루스에 배치하겠다고 약속한 오레시니크 미사일 시스템도 핵탄두를 탑재할 수 있다고 루카센코는 말했다.",https://n.news.naver.com/mnews/article/003/0013421126?sid=104
세계,"""똑똑한 아기가 갖고 싶어요""…이제 7000만원 내고 '맞춤형 아기' 갖는다",2025.08.13,"이미지투데이 미국 실리콘밸리에서 유전자 검사를 통해 지능지수가 높은 배아를 선별해 이식하는 문화가 확산되고 있다. 12일 월스트리트저널은 캘리포니아 베이 지역에서 인간 배아 유전자 검사를 제공하는 스타트업 현황을 보도했다. 이들 업체는 여러 배아의 유전자 검사 결과를 토대로 미래 IQ 예상치를 측정하고 부모가 시험관 시술에 사용할 배아를 선택하도록 지원한다. 서비스 비용은 6000달러에서 5만 달러에 달하지만 베이 지역 내 수요는 상당한 수준이다.업체 중 하나인 누클리어스지노믹스의 창업자 키안 사데기는 ""실리콘밸리는 IQ를 사랑한다""며 미국 다른 지역보다 실리콘밸리 부모들이 자녀의 높은 지능에 더 집착한다고 전했다. 하버드 의대 통계유전학자 사샤 구세브 교수는 이 현상이 실리콘밸리의 능력주의 문화를 반영한다고 분석했다. 그는 ""그들은 자신이 똑똑하고 성취를 이뤘으며 좋은 유전자를 보유해 그 자리에 있을 자격이 있다고 생각한다""며 ""이제 자녀들도 똑같이 될 수 있도록 하는 도구가 생긴 셈""이라고 설명했다.실제 베이 지역 부부들의 배아 선별 과정은 데이터 분석 기법을 동원할 정도로 정교하다. 한 커플은 업체로부터 IQ와 알츠하이머 위험 평가 등이 기재된 결과지를 받고 스프레드시트에 입력해 자체 수식으로 배아를 선택했다. 다산 운동을 벌이는 시몬·맬컴 콜린스 부부는 시험관 시술로 자녀 넷을 출산하며 일부 배아에 유전자 검사를 받았다. 시몬 콜린스는 현재 임신 중인 태아도 암 위험이 낮고 높은 지능을 보유할 가능성이 99%여서 선택했다고 말했다.하지만 생명윤리학자들은 강한 우려를 나타냈다. 행크 그릴리 스탠퍼드대 생명과학·법센터장은 ""부자들이 슈퍼 유전자를 가진 계층을 형성해 모든 것을 차지하고 나머지를 노동자로 부린다는 건 과학소설 이야기""라며 ""이게 공정한가""라고 반문했다. 배아 IQ 예측의 정확도도 한계가 있다. 예측 모델을 개발한 샤이 카르미 예루살렘 히브리대 교수는 이 모델을 이용해도 평균 3~4점 정도 더 높은 점수를 얻을 뿐이라며 ""자녀를 신동으로 만들 수는 없을 것""이라고 지적했다. 구세브 교수는 ""가장 높은 IQ를 가진 배아를 선택하는 것이 자폐 스펙트럼 장애 위험이 가장 높은 배아를 선택하는 결과를 가져올 수 있다""고 경고했다.",https://n.news.naver.com/mnews/article/011/0004520848?sid=104
세계,"러 ""우크라, 트럼프·푸틴 회담 방해하려 테러·도발 준비""(종합)",2025.08.13,"러 외무부 ""우크라, 미러회담 앞두고 테러 활동 확대""러 국방부 ""우크라, 대규모 가짜깃발 작전 준비"" ⓒ News1 김초희 디자이너 강민경 기자 이지예 객원기자 = 러시아는 오는 15일 알래스카에서 열릴 미·러 정상회담을 앞두고 우크라이나가 테러와 도발을 준비하고 있다고 주장했다.러시아 국영 타스통신 등에 따르면 알렉세이 파데예프 러시아 외무부 정보보도국 부국장은 13일 브리핑에서 미·러 정상회담을 앞두고 우크라이나가 러시아를 겨냥한 테러 활동을 확대했다고 발언했다. 이어 ""우크라이나 정권은 협상을 군사 작전 연장과 권력 유지 수단으로 여긴다""고 말했다.전날 러시아 국방부 또한 성명을 내고 우크라이나가 미·러 정상회담 방해를 위해 대규모 도발을 준비하고 있다고 주장했다.러시아 국방부는 우크라이나가 회담 직전에 인구 밀집 지역이나 병원 등 민간 시설을 목표로 드론과 미사일 공격을 감행해 러시아군의 탓으로 돌리는 '가짜 깃발' 작전을 계획하고 있다고 부연했다.대규모 민간인 사상자를 발생시켜 러시아에 대한 국제 여론을 악화시키려는 의도라는 것이다.러시아 국방부는 이를 위해 우크라이나 정보기관이 사전 작업을 했다는 구체적인 정황도 제시했다. 지난 11일 우크라이나 측이 서방 외신 기자단을 하르키우주의 한 마을로 이동시켰으며 이는 도발 발생 시 현장 상황을 신속하게 보도해 러시아에 대한 부정 여론을 확산시키려는 의도라는 주장도 했다.한편 파데예프 부국장은 세르게이 라브로프 러시아 외무장관이 미·러 정상회담에 동행할 예정이라고 밝혔다.미·러 정상회담은 오는 15일 미국 알래스카주 앵커리지의 미군 기지에서 열린다. 파데예프 국장은 블라디미르 푸틴 대통령과 도널드 트럼프 미국 대통령이 이번 주 정상회담에서 양국 간 쌓인 문제를 모두 논의할 계획이라고 밝혔다.그는 ""정상들이 우크라이나 위기부터 정상적이고 기능적인 양자 대화를 가로막는 장애물까지 모든 누적된 문제를 논의하는 데 집중할 수 있을 것""이라고 말했다.파데예프 부국장은 "" 국제 평화와 안전 보장에 매우 중요하다""고 강조했다. 유럽국들이 우크라이나 휴전과 관련해 요청하고 있는 협의는 별 의미가 없다고 일축했다.파데예프 부국장은 우크라이나 해법에 관한 러시아의 입장은 변하지 않았다고 강조했다. 그는 북대서양조약기구의 세력 확장과 우크라이나 가입 시도가 우크라이나 위기의 핵심 원인이라고 지적했다.",https://n.news.naver.com/mnews/article/421/0008427565?sid=104
세계,"'생체실험' 731부대원 증언에…日 네티즌 ""노망난 늙은이""",2025.08.13,"일본 731부대가 세균 실험을 하는모습. /사진=한경DB일본 731부대 출신 시미즈 히데오씨의 증언 활동에 대해 현지 일부 네티즌들이 원색적으로 비난하고 있다는 소식이 전해졌다. '731부대'는 제2차 세계대전 당시 인간 생체실험했던 일본 군부대다.13일 아사히신문에 따르면 시미즈씨는 1945년 3월 중국 하얼빈에 도착했고, 그해 7월 표본실에서 생체실험 대상자의 신체 일부를 목격했다.패전 이후 귀국해 건축사 자격을 얻은 그는 오랫동안 731부대원이었다는 사실을 숨긴 채 살았지만, 종전 70년이었던 2015년 731부대 관련 전시를 우연히 본 뒤 부인에게 먼저 사실을 털어놨다.이를 계기로 그는 언론 취재에 응하면서 강연 활동도 시작했다. 작년에는 하얼빈 만행 현장을 방문해 ""무모한 일을 저지르고 폐를 끼쳤다""며 참회하기도 했다.시미즈씨는 또 언론과의 인터뷰에서 ""해서는 안 될 일을 아무렇지 않게 하는 것이 전쟁의 광기""라면서 ""731부대가 했던 비인도적 행위가 다시는 일어나지 않도록 증언 활동을 이어갈 것""이라고 말했다.시미즈씨의 이 같은 활동에 대해 현지 일부 네티즌들은 ""인체 실험은 날조다"", ""거짓말하고 있다""며 공격했다. 중국 방문 이후에는 ""노망난 늙은이""라는 원색적 비난도 따라다녔다.아사히는 일본 정부가 731부대의 존재는 인정하면서도 생체실험 등 활동 내용에 관해서는 ""자료가 없다""며 긍정도 부정도 하지 않고 있다고 지적했다.실제 이시바 시게루 총리는 지난 3월 국회에서 731부대의 가해 행위가 논의됐을 때 "" 수단이 역사와 함께 사라졌다""고 말했다.이보배 한경닷컴 객원기자 newsinfo@hankyung.com",https://n.news.naver.com/mnews/article/015/0005170640?sid=104
세계,"트럼프, 푸틴 회담 전 유럽 정상 소통 예고...""잠시 후 대화""",2025.08.13,"도널드 트럼프 미국 대통령이 블라디미르 푸틴 러시아 대통령과의 정상회담을 이틀 앞두고 유럽 정상들과 대화할 것이라고 밝혔습니다.트럼프 대통령은 현지 시간 13일 자신의 SNS에 올린 글에서 ""잠시 후 유럽 정상들과 대화할 것""이라며 ""그들은 합의가 이뤄지는 것을 보기 원하는 훌륭한 사람들""이라고 언급했습니다.이는 알래스카에서 오는 15일 열리는 미국-러시아 정상회담에 앞서 트럼프 대통령이 우크라이나를 지원해온 유럽 주요국의 견해를 들어보려는 것으로 보입니다.우크라이나와 유럽은 미·러 정상회담에 우크라이나가 배제되면서. 푸틴 대통령의 일방적인 주장이 반영된 합의가 나올 것을 우려하고 있습니다.※ '당신의 제보가 뉴스가 됩니다' YTN 검색해 채널 추가 02-398-8585 social@ytn.co.kr",https://n.news.naver.com/mnews/article/052/0002232589?sid=104
세계,"이스라엘軍, 가자 지구 최대도시 점령하나…""다음 작전계획 승인""",2025.08.13,"7일 팔레스타인인들을 위한 인도적 지원 물품을 공중 투하하던 요르단 공군 C-130 수송기에서 바라본 가자지구 가자시티에서 연기가 치솟고 있다. /AP=뉴시스 이스라엘군이 가자지구 최대 도시인 가자시티 장악을 목표로 한 군사작전 확대 계획을 13일 승인했다고 밝혔다.AFP통신 등에 따르면 이스라엘군은 에얄 자미르 참모총장이 지휘부 회의를 통해 ""가자지구에서의 이스라엘 방위군 작전 계획의 기본 틀을 승인했다""고 이날 성명에서 밝혔다. 성명은 ""이번 회의에선 전날 시작된 자이툰 지역 공습을 포함해 지금까지의 이스라엘군 작전이 보고됐다""며 ""정치 지도부의 지침에 따라 가자지구 다음 단계 작전 계획의 핵심 개념이 제시되고 승인됐다""고 설명했다. 이는 최근 이스라엘 내각이 '가자시티 완전 점령' 계획을 승인한 것과 관련된 공습 일정 등 군사작전 계획을 마련했다는 의미로 해석된다. 다만 타임스오브이스라엘은 자미르 참모총장이 '가자시티 점령 계획'을 두고 이스라엘 카츠 국방장관과 대립하고 있다며 ""이스라엘군의 가자시티 공습이 당장 시작되지는 않을 것""이라고 전했다. 이스라엘군 발표에 따르면 자미르 참모총장은 이날 회의에서 ""앞으로의 임무 수행에 앞서 재정비하고 회복할 시간을 확보해야 하고, 병력 대비 태세와 예비군 동원 준비를 강화하는 것이 중요하다""고 강조했다. 이스라엘은 베냐민 네타냐후 이스라엘 총리의 '가자지구 완전 점령' 계획을 두고 분열하고 있다. 특히 이스라엘군 내부에선 카츠 장관에 대한 불만이 커지고 있다. 이스라엘 방위군이 운영하는 군 라디오는 고위 국방 관계자들을 인용해 ""카츠 장관이 자미르 참모총장과 갈등 속에서 '군을 정치화하려 한다'는 비판이 나오고 있다""고 전했다. 카츠 장관은 '가자시티 점령' 계획을 반대하는 자미르 참모총장이 반정부 선동 세력과 협력해 군 인사 절차를 부당하게 변경해 자신을 '배제'했다고 공개적으로 비난해 왔다. 그러나 국방부 내 다수의 고위 관계자는 군 라디오에 ""국방장관이 군과 이스라엘 방위군 장교들을 정치화하려 한다. 이렇게 노골적인 장관은 없었다""며 ""자미르 참모총장은 적법하게 행동했다""고 주장했다. 이스라엘 방위군도 대변인 성명을 통해 ""자미르 참모총장은 대령급 이상 장교 인사 명령을 내리는 유일한 권한을 가진 인물""이라며 국방장관에 보고되는 시점은 논의 단계가 아닌 참모총장이 인사 명단을 결정한 이후라고 반박했다.",https://n.news.naver.com/mnews/article/008/0005235795?sid=104
세계,"日, 중고 호위함 동남아 수출 검토…""규제 어긋나"" 지적도",2025.08.13,"1989∼1993년 취역 6척 대상…'살상무기는 공동개발' 조건 충족해야 일본 방위상과 필리핀 국방장관 박상현 특파원 = 일본 정부가 해상자위대 중고 호위함을 필리핀, 인도네시아, 베트남 등 동남아시아 국가에 수출하는 방안을 검토하고 있다고 교도통신이 13일 보도했다. 보도에 따르면 방위성은 1989∼1993년에 취역한 '아부쿠마'형 호위함 6척의 수출을 추진하고 있다. 이들 호위함은 신형 함정과 비교해 운용에 많은 인력이 필요해 향후 퇴역할 예정이다. 일본 정부는 해상 교통로에서 중요한 위치에 있는 동남아시아에 중고 호위함을 수출하면 안보 협력을 강화하고 중국을 견제할 수 있다고 보는 것으로 알려졌다. 이미 일본은 올해 인도네시아, 필리핀과 호위함 수출 방안을 논의한 것으로 전해졌다. 베트남과도 최근 방위 당국 간 협력을 추진하면서 지난해 육상자위대 중고 자재 운반 차량 2대를 양도한 바 있다. 일본은 2022년 책정한 방위력 정비 계획에서 오래전에 취역해 확장성 등에 한계가 있는 함정을 조기에 퇴역시키기로 했으며, 이들 장비를 우호국에 이전하는 방안을 검토하기로 했다. 다만 일본에서 살상 능력이 있는 무기를 수출할 때는 '공동 개발·생산'이라는 조건을 충족해야 하는데, 이미 완성된 제품인 중고 호위함이 이를 만족시키는지에 대해서는 이론이 있을 수 있다고 교도통신은 짚었다. 교도는 ""일본 정부는 각국 요구에 응해 사양을 변경하는 것을 '공동 개발'이라고 할 방침이지만, 방위장비 이전 3원칙에 근거한 규제가 사문화할 우려가 있다""고 지적했다. 이와 관련해 방위성 관계자는 ""여야의 이해를 얻을 수 있을지는 불투명하다""고 말했다. 일본은 이와는 별개로 호주에 신형 호위함을 수출하는 방안도 추진하고 있다. psh59@yna.co.kr",https://n.news.naver.com/mnews/article/001/0015565470?sid=104
세계,"“‘시커먼 뿔’이 머리 뒤덮어”…美콜로라도 공포로 물들인 ‘악마 토끼’, 알고보니",2025.08.13,"‘쇼프 유두종 바이러스’에 감염돼 머리에 뿔 모양 혹이 자란 토끼. 9뉴스 캡처미국 콜로라도주에서 머리에 검은색 뿔 같은 돌기가 자란 기괴한 모습의 토끼들이 연이어 목격되며 주민들 사이에 불안감이 퍼지고 있다. 야생동물 당국은 이 증상이 바이러스 감염에 의한 것이지만 치료법은 없다고 밝혔다.12일 미 9뉴스 등 외신에 따르면 콜로라도주 포트콜린스 지역 주민들은 최근 머리에 검은색 촉수나 뿔 같은 것이 자란 토끼들을 잇따라 발견했다고 신고했다.포트콜린스 남동부 지역에 거주하는 수잔 맨스필드는 “토끼 입 주변에 검은색 가시나 ‘가시털’ 같은 것들이 돋아있었다”며 “마치 검은 이쑤시개들이 입 주변에 박혀 있는 것 같았다”고 설명했다.그러면서 “겨울을 넘기지 못할 줄 알았는데 살아남았고, 다시 나타났을 때는 돌기가 더 커져 있었다”고 말했다.다른 주민은 이러한 토끼에 대해 “머리 전체에 딱지 비슷한 혹이 돋아난 모습”이라고 표현했다.‘콜로라도 공원 야생동물청’은 이런 증상이 바이러스 감염 때문이라고 설명했다.‘쇼프 유두종 바이러스’라고 명명된 이 바이러스는 야생 토끼는 물론 반려용 토끼에게서도 발견된다. 바이러스를 옮기는 곤충들이 활발해지는 여름과 가을에 감염 사례가 집중되는 것으로 알려졌다.콜로라도 공원 야생동물청 측은 “이 증상은 양성 종양의 특징을 보이지만 알려진 치료법이 없다”며 “이 바이러스가 토끼들 사이에서는 전염될 수 있지만 사람이나 개, 다른 야생동물에게는 전염되지 않는다”고 강조했다.그러면서 “해당 바이러스가 시민 건강에 위험하지는 않으나, 감염 의심 토끼 발견 시 접근이나 접촉을 피하고 적정 거리를 유지해달라”고 권고했다.",https://n.news.naver.com/mnews/article/081/0003565755?sid=104
세계,"""저염식 추천해줘"" 챗GPT 식단 따랐다가…'병원 입원' 무슨 일?",2025.08.13,"/사진=뉴스1미국의 한 남성이 챗GPT의 식이요법 조언을 따랐다가 병원에 입원하는 사고가 발생했다. 12일 미국 매체 더힐에 따르면 미국의 한 60대 남성은 챗GPT에 식단에서 소금 섭취량을 줄이는 방법을 문의했다. 챗GPT는 소금인 염화나트륨 대신 브롬화나트륨을 넣을 것을 추천했다. 브롬화나트륨은 살충제에 자주 사용되는 화학물질이다. 실제 그는 3개월 동안 소금 대신 브롬화나트륨을 먹었다. 이후 편집증과 환각에 시달리던 그는 이웃이 자신을 독살하려 한다고 의심하고 병원을 찾았다. 그는 병원에서 브롬화물 중독 판정을 받았으며 3주간 입원 후 증상이 완화돼 퇴원했다. 브롬화물 중독은 20세기에 브롬화나트륨이 여러 의약품에 활용되면서 발견됐다. 미국 식품의약국는 1975년 이후 브롬화나트륨의 사용을 단계적으로 중단시켰다. 해당 사례는 지난 5일 미국 내과 의사협회와 미국 심장협회가 공동 발간하는 '내과 임상사례 저널'에 게재되기도 했다. 더힐은 ""AI에 대한 충분한 이해와 활용 능력없이 건강과 관련된 의사결정 과정에서 챗GPT를 의존하는 것이 얼마나 위험한지를 보여주는 사례""라고 평가했다.",https://n.news.naver.com/mnews/article/008/0005235794?sid=104
세계,"""관세 폭탄 피한다""…GE, 中·멕시코 가전공장 빼서 미국에 4조원 투자",2025.08.13,"GE어플라이언스 5개년 투자전략 발표중국 하이얼이 2016년 제너럴일렉트릭 가전 부문을 인수해 설립한 가전업체 GE어플라이언스가 향후 5년간 30억달러를 투자해 중국·멕시코에 있는 생산시설을 미국으로 이전한다. 미국 정부의 관세 압박을 완화하고, 공장 현대화와 일자리 창출에 나서기 위해서다.월스트리트저널과 AP통신에 따르면 GE어플라이언스는 13일 냉장고·가스레인지·온수기 생산라인을 미국 켄터키·조지아·앨라배마·테네시·사우스캐롤라이나 등 5개 주로 확장 이전한다고 발표했다. 이번 투자는 회사 역사상 두 번째로 큰 규모로, 미국 내 일자리 1000개 이상이 새로 생길 전망이다. GE어플라이언스의 가전제품들. AP·연합뉴스지난 6월에도 GE어플라이언스는 중국 세탁기 생산라인을 4억9000만 달러를 들여 켄터키주로 옮기겠다고 발표했으며, 이 계획 역시 이번 투자안에 포함됐다. 케빈 놀런 최고경영자는 ""관세로 인해 지금 미국 내 건설이 좋다는 것이 분명해졌다고 생각한다""고 말했다. 이어 ""지난 10년간 미국 제조업에 우리보다 많이 투자한 가전 기업은 없다""며 ""이번 계획은 미국 제조업에 대한 우리의 약속이 미래에도 계속될 것임을 보여준다""고 강조했다.글로벌 기업들은 트럼프 행정부의 전방위적 관세 폭탄과 투자 유치 압박 등으로 인해 미국 내 생산 시설 확대 계획을 내놓고 있다.지난달 WSJ은 세계 최대 파운드리 업체인 대만 TSMC가 미국 내 시설 확장에 집중하느라 일본 제2공장 착공이 연기될 것이라고 보도했다.아스트라제네카, 로슈, 노바티스 등 글로벌 제약사들은 트럼프 대통령이 미국 내 판매 의약품을 미국에서 더 많이 만들어야 한다고 말한 후 대미 투자 계획을 잇달아 내놨다.",https://n.news.naver.com/mnews/article/277/0005637053?sid=104
세계,"""러·벨라루스, 내달 군사훈련에 핵무기 사용 계획 포함""",2025.08.13,"빅토르 흐레닌 벨라루스 국방장관 최인영 특파원 = 러시아와 벨라루스가 다음 달 합동 군사훈련에서 핵무기와 중거리 탄도미사일 '오레시니크' 사용 계획을 다룰 것이라고 빅토르 흐레닌 벨라루스 국방장관이 13일 밝혔다. 벨라루스 벨타 통신에 따르면 흐레닌 장관은 다음 달 12∼16일 벨라루스에서 열리는 '자파드 2025' 훈련에 핵무기와 오레시니크 배치 계획이 포함된다고 말했다. 그는 ""이는 전략적 억제 정책의 중요한 요소""라며 알렉산드르 루카셴코 벨라루스 대통령이 '모든 가능한 시나리오에 대비해야 한다'고 요구했다고 밝혔다. 그러면서 ""우리는 서부·북부 국경 상황을 예의주시하고 있으며 지속적인 군사화와 군사활동을 소극적으로 지켜보기만 할 수 없다""고 강조했다. 러시아는 우크라이나 '특별군사작전' 이후 유럽과 대립하게 되자 2023년 벨라루스에 전술핵무기를 배치했고, 양국 중 한쪽이 재래식 무기로 '중대한 위협'을 받을 때 러시아의 핵무기를 사용할 수 있도록 조치했다. 블라디미르 푸틴 러시아 대통령은 지난달 루카셴코 대통령과 회담하면서 지난해 공개한 신형 극초음속 중거리 탄도 미사일 오레시니크를 연내 벨라루스에 배치할 계획이라고 언급했다. abbie@yna.co.kr",https://n.news.naver.com/mnews/article/001/0015565453?sid=104
세계,"""北해커 컴퓨터서 韓 방첩사·대검찰청·네이버 등 해킹 증거 발견""",2025.08.13,"북한 정찰총국 산하 해커 조직으로 추정되는 '김수키'가 한국 정부기관과 기업들을 해킹해 왔다는 주장이 나왔습니다. 해외 해커 2명이 북한 해커의 컴퓨터에 침투해 얻은 증거라며 언론에 공개했는데, 더 철저하게 사이버보안책을 마련해야할 것으로 보입니다.김자민 기자입니다. '세이버'와 '사이보그'란 두 해커가 북한 해커의 컴퓨터에 침투한 뒤 만든 보고서입니다.북한 해커가 최근까지 국군방첩사령부에 해킹을 시도했다고 적혀있습니다.대검찰청과 외교부 등 정부사이트 뿐만 아니라 카카오와 네이버 등 국내 기업도 해킹 명단에 포함됐습니다.보고서에 따르면 북한 해커는 방첩사로 꾸민 피싱 사이트를 만들어 아이디와 비밀번호 유출을 시도했습니다.보고서 작성자들은 공격자가 북한 해킹 조직인 김수키 소속으로 과거 김수키가 썼던 해킹 도구와 비슷한 서버 주소를 발견했다고 주장했습니다.김수키는 각국 정부 기관의 정보를 빼내거나 가상화폐를 훔쳐 북한의 핵무기 프로그램 자금을 조달하는 것으로 알려졌습니다.북한 해커는 평양시간으로 매일 오전 9시부터 오후 5시까지만 접속하며 북한 근무 시간을 엄격하게 지켰다고도 주장했습니다.공격 주체가 중국과 연계돼 있을 가능성도 지적했습니다.이정현 / 서울여대 지능정보보호학부 교수""공공기관은 해킹 시도가 하루에도 160만 건이 넘어요. 로그 기록이 있다라는 건 해킹이 있었다는 거고 정보를 빼냈다는 건 별도 얘기인거죠.""국정원은 유관기관과 공조해 필요한 조치를 완료했고 배후 조직을 지속적으로 추적하고 있다고 밝혔습니다.TV조선 김자민입니다.",https://n.news.naver.com/mnews/article/448/0000549502?sid=104
세계,"“농지 밀고 화약공장 만들어라”…미·러 횡포 목격한 유럽, 전시 수준 ‘무기 구축’",2025.08.13,"러우전쟁 후 자력안보 총력농지·車공장도 방산시설 활용공장증설 전쟁전보다 3배 빨라獨라인메탈 폭발물 공장 신설英BAE도 군수 생산규모 확대FT “역사적 규모 재무장 시작” 독일 방산업체 라인메탈 앞의 군용차 유럽 국가들이 재무장에 나서며 군수 시설을 빠르게 확대하고 있다. 우크라이나 전쟁 장기화로 러시아의 위협이 현실로 다가오자 자력 방위력 확대에 나선 것이다. 미국의 방위비 지출 압박까지 겹치며 유럽 국가들은 방위 시설 확장에 유례없는 규모의 공적 자금을 대규모 투입 중이다.12일 파이낸셜타임스에 따르면 유럽 전역의 700만㎡가 넘는 지역에서 새로운 방산 공장이 지어지고 있다. 러시아가 우크라이나를 침공한 2022년 이전보다 3배는 빠른 건설 속도다. 유럽이 러시아에 대응해 전시 수준의 무기 시설 구축에 나선 것이다.FT가 유럽 37개 기업의 150개 시설을 대상으로 레이더 위성 데이터를 분석한 결과 검토 지역의 약 3분의 1에서 시설을 새롭게 건설하거나 확장 중인 것으로 조사됐다.가장 큰 규모의 확장을 진행 중인 곳은 유럽 최대 방산기업인 독일의 라인메탈과 헝가리 국영 방산기업인 N7의 합작 프로젝트 무기 시설이다. 2022년 농장이었던 헝가리 서부 바르팔로타 부지가 단 2년만인 2024년 7월 탄약과 폭발물 생산 공장으로 변신했다.라인메탈은 이 곳에서 다양한 크기의 포탄을 만드는데, 155mm의 경우 연간 생산량이 2022년 7만개에서 2027년 110만발로 늘어날 전망이다. 라인메탈은 최근 유럽 대표 완성차 기업인 폭스바겐을 상대로 유휴 공장을 방산 제조 시설로 전환하는 방안을 타진하기도 했다. 패트리어트 미사일 생산 기업인 독일 MBDA는 군사 동맹인 나토의 주문이 급증하면서, 영국의 BAE시스템즈는 영국 국방부의 주문이 증가하면서 각 군수 공장의 생산 규모를 늘렸다고 밝혔다. BAE는 올해 말 새로운 시설이 가동되면 155mm 포탄 생산 용량이 기존 대비 16배 늘어난다.앞서 유럽 국가들은 러시아 위협과 미국의 자력 방위 압박에 대응하기 위해 잇따라 대대적 자력 방위 투자 계획들을 발표했다. 이런 발표들이 일종의 보여주기식 공약으로 그치는 게 아니라 현실화되고 있다는 것을 이번 사례가 보여준다. FT는 “유럽연합의 ‘탄약생산지원법’ 지원을 받은 기업들이 새로운 방산 공장과 도로 건설 등 물리적 확장을 눈에 띄게 진행했다”고 보도했다. EU는 탄약과 미사일 생산 병목 현상을 해결하기 위해 ASAP에 5억 유로를 투자했다. 라인메탈도 ASAP 지원을 받았다.EU는 지난 3월 2030년까지 8000억유로를 방위 산업에 투입하는 유럽 재무장 계획을 발표했다. 또 지난 6월에는 나토 정상회담에서 도널드 트럼프 미국 행정부의 유럽 방위비 지출 확대 요구를 수용해 2035년까지 국내총생산의 5%까지 회원국들이 방위비 지출을 늘리기로 전격 합의했다.노후 장비 교체와 재고 보충 수요가 급증하면서 유럽산 장비 조달이 확대됨에 따라 방산 산업을 둘러싼 제조업 생태계 전반에 경기 부양 효과도 기대된다. 나토의 방위비 지출에는 기반 시설 투자도 포함되고, 재무장 계획은 유럽산 구매 우선이다.글로벌 경제자문 기업인 옥스퍼드이코노믹스의 대니얼 크럴 수석 이코노미스트는 폴리티코에 “유럽 재무장 계획의 방대한 예산 규모는 내수 주도 성장을 통해 경기 침체에서 벗어나려는 유럽에 도움이 될 수 있다”고 평가했다.FT는 “유럽이 지속가능한 전시 체제를 위한 산업 기반을 구축하는 방향으로 이동하고 있다”며 “유럽이 역사적 규모의 재무장에 나서며 새로운 시대를 준비하고 있다”고 전했다. 뉴욕타임스는 유럽이 “미국이 없는 미래 대비에 나섰다”고 보도했다.",https://n.news.naver.com/mnews/article/009/0005541277?sid=104
세계,"러, 알래스카 회담 앞두고 “영토는 헌법 명시, 회담 논의 사항 아냐”",2025.08.13,"“협상단의 목표는 오직 러 국가 이익에 따라 결정”“회담 전 EU-우크라이나 회담, 평화 노력 방해하는 것”우샤코프 크렘린 보좌관 “다음 회담은 러시아 개최 예상” 왼쪽부터 블라디미르 푸틴 러시아 대통령과 도널드 트럼프 미국 대통령, 볼로디미르 젤렌스키 우크라이나 대통령. 구자룡 기자 = 도널드 트럼프 미국 대통령과 블라미디르 푸틴 러시아 대통령의 15일 알래스카 정상회담을 앞두고 우크라이나 전쟁의 휴전 및 영토 교환 등이 관심이다. 트럼프 대통령은 이번 회담에서 ‘영토 교환’이 있을 것이라고 예고했다. 하지만 러시아는 이번 회담에서 영토 문제는 논의 사항이 아니라고 밝혀 그 정확한 의미와 배경 등이 주목된다. 13일 리아노보스티 통신에 따르면 알렉세이 파데예프 외무부 정보보도국 부국장은 “러시아의 영토 구조는 헌법에 명시되어 있으며, 푸틴 대통령과 트럼프 대통령의 다가오는 정상회담에서 논의될 사항이 아니다”고 말했다. 파데예프 부국장은 “여기서 더 이상 뭔가 만들어 낼 필요는 없다. 러시아 연방의 영토 구조는 우리나라 헌법에 명시되어 있다”며 “이것만으로도 모든 것을 알 수 있다”고 말했다. 그는 “알래스카 협상에서 러시아 대표단의 목표는 오로지 국가 이익에 따라 결정된다”고 말했다.이는 트럼프 대통령이 영토 할양에 반대하는 우크라이나에 대해 일부는 되찾아 줄 것처럼 발언한 것에 대해 반대하는 것이자 아예 회담에서 트럼프 '영토 교환'을 진지하게 논의하지 않을 수도 있음을 시사한 것으로 풀이된다. 파데예프 부국장은 이번 회담에서 ‘우크라이나 위기’와 함께 러시아와 미국간 양국 대화 정상화에 관해 논의할 예정이라고 밝혔다. 우크라이나 문제 못지 않게 양국 관계 정상화에 큰 비중을 두고 있음을 시사했다. 그는 이번 회담에는 세르게이 라브로프 외무장관도 참석할 예정이라며 우크라이나 문제를 놓고 유럽과 우크라이나가 회담을 갖는 것은 정치적, 실질적으로 중요하지 않으며, 유럽연합은 사실상 평화 노력을 방해하고 있다고 지적했다. 그는 유럽이 우크라이나를 지원하기 위해 자산을 사용할 경우 러시아는 대응 조치를 취할 권리가 있다고 경고했다. 유리 우샤코프 크렘린 외교담당 보좌관은 양측은 알래스카와 북극 지역에서 경제적 이해관계가 교차하고 있다며 대규모 프로젝트 실행 가능성이 가시적이라고 덧붙이며 협상 장소 선정에 대해 언급했다고 RIA는 전했다. 우샤코프 보좌관은 두 정상은 이번 회담에서 우크라이나 사태에 대한 장기적인 평화적 해결책을 모색하는 데 집중할 것임도 강조했다. 우샤코프 보좌관은 크렘린궁은 푸틴 대통령과 트럼프 대통령의 다음 회담이 러시아에서 열릴 것으로 예상한다고 덧붙였다．",https://n.news.naver.com/mnews/article/003/0013421115?sid=104
세계,"美재무 ""트럼프-푸틴 빈손회담 대비해 대러 제재·관세 준비""",2025.08.13,"""트럼프, 모든 선택지 갖고 있다는 점 분명히 할 것""""제재 강화와 완화 둘 다 가능하며 특정 시한 설정도 돼"" 스콧 베선트 미국 재무부 장관이 지난 7월 29일 스웨덴 스톡홀름에서 중국과의 무역 협상을 마친 후 기자회견을 하고 있다. 2025.7.29 ⓒ 로이터=뉴스1 ⓒ News1 강민경 기자 강민경 기자 = 스콧 베선트 미국 재무부 장관은 도널드 트럼프 대통령과 블라디미르 푸틴 러시아 대통령의 회담을 이틀 앞둔 13일 회담이 성과 없이 끝날 경우에 대비해 러시아에 대한 추가 제재와 관세가 준비돼 있다고 밝혔다.베선트 장관은 이날 블룸버그TV 인터뷰에서 ""트럼프 대통령은 이번 회담에서 푸틴 대통령에게 모든 선택지가 테이블 위에 있다는 점을 분명히 할 것""이라고 말했다.그는 회담에서 긍정적인 결과가 도출되지 못할 경우 러시아에 추가 제재를 부과하고 2차 관세를 상향할 수 있다고 경고했다.다만 그는 제재가 강화될 수도, 완화될 수도 있으며 특정 시한을 설정하는 방식도 가능하다고 언급했다. 협상 결과에 따라 제재 수위를 조절할 수 있다는 유연한 입장을 내비친 것으로 풀이된다.또 베선트 장관은 유럽 지도자들도 러시아에 대한 제재를 지렛대로 활용해야 한다고 강조했다.오는 15일 알래스카주 앵커리지의 미군 기지에서 열릴 미·러 정상회담을 앞두고 트럼프 대통령은 합의 성사에 대한 기대치를 낮추는 데 주력하고 있다.백악관은 이번 회담을 ""듣는 자리""라고 표현했으며, 트럼프 대통령 본인도 이번 회담이 푸틴의 요구 조건을 파악하기 위한 '탐색전'의 성격을 띤다고 발언했다.",https://n.news.naver.com/mnews/article/421/0008427550?sid=104
세계,"주북한 중국대사, 평양 방직공장 방문…“교류 강화 기대”",2025.08.13,"북한 주재 중국대사가 평양 방직공장을 찾아 북중 기업 교류를 기대한다는 뜻을 밝혔습니다. 주북 중국대사관은 왕야쥔 대사가 13일 김정숙평양방직공장을 방문했다고 밝혔습니다. 왕 대사는 방적·염색 작업장과 직원 숙소, 식당 등을 둘러본 뒤 “김정숙평양방직공장은 역사가 유구하고 관리에 질서가 있으며 환경이 아름답고 조건이 일류여서 생산된 직물이 조선에서 유명하다”며 “천리마 시기부터 지금까지 시대적 기수와 모범이 많이 배출돼 조선 사회주의 발전에 중요한 공헌을 했다”고 말했습니다. 이어 “공장이 천리마 시대 영웅의 바통을 잘 이어받고 ‘천리마 정신’을 지도로 삼아 조선 사회주의 강국 건설 사업을 위해 새로운 공을 세울 것이라 믿는다”면서 “공장이 중국의 관련 기업과 교류·상호참조를 강화하고 공동 발전을 이루기를 기대한다”고 했습니다. 주북 중국대사관은 1948년 10월 들어선 이 공장이 약 70만㎥ 면적에서 노동자 6천500여명이 일하는 곳이고, 2011년 12월 김일성 주석의 부인인 김정숙의 이름을 달게 됐다고 설명했습니다.■ 제보하기▷ 전화 : 02-781-1234, 4444▷ 이메일 : kbs1234@kbs.co.kr▷ 카카오톡 : 'KBS제보' 검색, 채널 추가▷ 네이버, 유튜브에서 KBS뉴스를 구독해주세요!",https://n.news.naver.com/mnews/article/056/0012008546?sid=104
세계,"""중단시켜라"" 펄펄 끓는 기름에 봉지째 '쑥'…노점상 조리법에 '경악'",2025.08.13,"인도 한 노점상 조리 방식 논란플라스틱 기름 봉지를 끓는 기름에 넣어 사용""심각한 건강 위협 초래…제재 필요""인도의 한 길거리 음식 노점상의 조리 모습이 사회관계망서비스에서 확산하며 논란이 되고 있다. 기름이 끓고 있는 냄비에 밀봉된 플라스틱 기름 봉지를 통째로 넣은 탓인데, 인도 네티즌은 ""건강을 위협하는 방식""이라고 비판했다. 인도의 한 노점상이 플라스틱으로 된 기름 봉지를 뜨거운 기름에 녹여 사용하는 모습이 포착돼 논란이 일고 있다. 사회관계망서비스최근 인도 매체 인디아투데이에 따르면 인도 북서부 펀자브주 도시 루디아나의 한 노점상이 기름이 담긴 플라스틱 봉지를 뜨거운 기름이 담긴 냄비에 바로 넣는 모습이 포착됐다.한 음식 블로거가 사회관계망서비스에 공유한 영상을 보면 노점상은 기름 봉지를 가위로 뜯는 대신 밀봉된 플라스틱 봉지를 그대로 뜨거운 기름에 넣어 녹인 뒤 요리에 사용했다. 이 과정에서 플라스틱이 녹고 터지면서 기름에 섞였다. 노점상은 그대로 기름을 냄비에 붓고 요리를 시작한다. 상인은 ""기름이 충분히 뜨거우면 봉지가 바로 터진다""고 말했다.이 상인의 판매 중인 음식은 '파코라'다. 대표적인 인도 길거리 음식인 파코라는 빵에 으깬 감자와 향신료를 넣어 튀겨 만든다. 개당 가격은 10루피다.이 영상을 두고 ""위생과 안전을 무시한 조리 방식""이라는 비판이 이어졌다. 건강 코치 샤시 아이엔가르는 엑스에 ""이 노점상은 '기름 붓기의 천재적인 방법'을 사용한다. 봉지를 통째로 뜨거운 팬에 넣는다""며 ""다음은? 기름에 녹은 플라스틱으로 완벽한 길거리 음식 맛을 냈다""며 비꼬았다. 다수의 인도 네티즌들도 심각한 건강 위협이 될 수 있다며 당국의 강력한 조치가 필요하다고 지적했다. 한 누리꾼은 ""기름에서 플라스틱을 녹이는 것은 명백히 위험하다""며 ""과학 지식이 없어도 위험하다는 사실은 누구나 알 수 있다""고 지적했다. 다른 네티즌은 ""패스트푸드가 아니라 '라스트푸드'""라고 꼬집었다. 또 ""이런 행동을 홍보하지 말고, 당국에 신고해 즉각 중단시켜야 한다""는 의견도 나왔다.인도의 길거리 음식은 위생 상태가 좋지 않은 것으로 악명이 높다. 인도 식품표준안전청에 따르면 인도에선 안전을 준수하지 않은 식품으로 인해 매년 6억건의 감염자와 40만명의 사망자가 발생하고 있다.지난해에는 우타라칸드의 상인들이 음식에 침을 뱉는 모습이 담긴 영상이 확산해 논란이 되기도 했다. 이에 우타라칸드주 정부는 개정된 식품 안전 지침을 마련했다. 비위생적인 행위를 막기 위해 위반자에게 최대 10만루피의 벌금을 부과하고 일정 규모 이상의 음식점 주방에 폐쇄회로TV 설치를 의무화했다.",https://n.news.naver.com/mnews/article/277/0005637050?sid=104
세계,"러 ""푸틴·트럼프, 정상회담서 모든 현안 논의할 것""",2025.08.13,"러시아 외무부는 블라디미르 푸틴 러시아 대통령과 도널드 트럼프 미국 대통령이 오는 15일 알래스카에서 열리는 정상회담에서 그동안 누적된 모든 현안을 논의할 것이라고 밝혔습니다.알렉세이 파데예프 러시아 외무부 정보보도국 부국장은 브리핑에서, 최근 수년간 미·러 관계는 악화했다면서 이번 회담에서 우크라이나 위기부터 대화를 방해하는 장애물에 이르는 모든 현안에 집중할 수 있을 것이라며 이같이 말했습니다.이번 회담에서는 우크라이나 종전 방안이 핵심 의제로 다뤄질 것으로 예상되는 가운데, 파데예프 부국장은 지난해 6월 푸틴 대통령이 제시한 자국 입장이 변하지 않았다고 강조했습니다.당시 푸틴 대통령은 러시아의 점령지에서 우크라이나군이 철수하고, 우크라이나가 나토 가입을 포기해야 한다는 등의 조건을 제시했습니다.파데예프 부국장은 이번 정상회담에 세르게이 라브로프 러시아 외무장관도 참여한다고 전했습니다.※ '당신의 제보가 뉴스가 됩니다' YTN 검색해 채널 추가 02-398-8585 social@ytn.co.kr",https://n.news.naver.com/mnews/article/052/0002232568?sid=104
세계,"주북 중국대사, 평양 방직공장 방문…""中기업과 교류 확대 기대""",2025.08.13,"왕야쥔 북한 주재 중국대사가 평양 김정숙방직공장을 찾아 북중 기업 간 교류 확대 의지를 밝혔다.13일 주북 중국대사관에 따르면 왕 대사는 이날 김정숙평양방직공장을 방문해 방적·염색 작업장과 직원 숙소, 식당 등을 둘러봤다. 13일 김정숙평양방직공장 방문한 왕야쥔 주북 중국대사. 주북 중국대사관 홈페이지 캡처그는 ""김정숙평양방직공장은 역사가 유구하고 관리에 질서가 있으며 환경이 아름답고 조건이 일류여서 생산된 직물이 조선에서 유명하다""며 ""천리마 시기부터 지금까지 시대적 기수와 모범이 많이 배출돼 조선 사회주의 발전에 중요한 공헌을 했다""고 말했다.왕 대사는 또 ""공장이 천리마 시대 영웅의 바통을 잘 이어받고 '천리마 정신'을 지도로 삼아 조선 사회주의 강국 건설 사업을 위해 새로운 공을 세울 것이라 믿는다""면서 ""공장이 중국 관련 기업과 교류·상호참조를 강화하고 공동 발전을 이루기를 기대한다""고 했다.주북 중국대사관은 1948년 10월 들어선 이 공장이 약 70만㎥ 면적에서 노동자 6500여명이 일하는 곳이고 2011년 12월 김일성 주석의 부인인 김정숙의 이름을 달게 됐다고 설명했다. 김정숙평양방직공장. 주북 중국대사관 홈페이지 캡처",https://n.news.naver.com/mnews/article/277/0005637048?sid=104
세계,"""'테라사태' 사기혐의 권도형, 美법정서 유죄 인정 계획""",2025.08.12,"뉴욕 남부연방법원 담당 판사가 밝혀 '테라·루나 사태' 권도형 재판 열리는 뉴욕남부연방법원 청사 pan@yna.co.kr 김동현 특파원 = 스테이블코인 '테라USD' 발행과 관련한 사기 등 혐의로 미국에서 형사재판을 받는 권도형 테라폼랩스 설립자가 입장을 바꿔 유죄를 인정할 것으로 알려졌다. 로이터통신에 따르면 미국 뉴욕 남부연방법원의 폴 엥겔마이어 판사는 12일 열린 권씨 재판에서 권씨가 사기와 통신망을 이용한 사기 2개 혐의에 대해 유죄를 인정할 계획이라고 밝혔다. 뉴욕 남부연방지검은 앞서 지난 2023년 3월 권씨가 몬테네그로에서 검거된 직후 권씨를 증권사기, 통신망을 이용한 사기, 상품사기, 시세조종 공모 등 총 8개 혐의로 재판에 넘긴 바 있다. 이어 검찰은 작년 말 몬테네그로로부터 권씨의 신병을 인도받은 뒤 자금세탁 공모 혐의를 추가했다. 이들 혐의가 모두 유죄로 인정되면 권씨는 최대 130년형에 처해질 수 있다. 미국으로 신병이 인도된 권씨는 지난 1월 초 판사가 유죄 여부를 묻는 기소인부 심리에 출석해 자신이 받는 범죄 혐의에 대해 모두 무죄를 주장한 바 있다. bluekey@yna.co.kr",https://n.news.naver.com/mnews/article/001/0015562895?sid=104
세계,"""우크라 자포리자 원전 화물항구 근처서 연기""",2025.08.12,"우크라이나 자포리자 원자력발전소 유현민 특파원 = 우크라이나 남부 자포리자 원자력발전소의 화물 항구 근처에서 연기가 감지됐다고 로이터통신이 12일 보도했다. 우크라이나 에너지부는 이날 텔레그램에서 이같이 밝히고 ""정확한 화재 위치와 예상되는 결과를 파악 중""이라면서 ""화물 항구는 보호 구역 외부에 있음을 강조한다""고 덧붙였다. 유럽 최대의 원자력발전소인 자포리자 원전은 러시아가 우크라이나를 침공한 2022년 2월 이후 러시아가 점령 중이다. 우크라이나뿐만 아니라 러시아, 동유럽으로까지 전력을 공급하던 자포리자 원전은 현재는 안전 문제로 가동이 중단됐다. 러시아군 점령 이후 자포리자 원전에는 국제원자력기구 전문가팀이 상주하며 원전 안전을 감독하고 있다. hyunmin623@yna.co.kr",https://n.news.naver.com/mnews/article/001/0015562894?sid=104
세계,"트럼프, 연준건물 개보수비 논란 관련 ""파월에 소송 검토""",2025.08.12,"도널드 트럼프 미국 대통령이 기준금리 인하 기대에 부응하지 않고 있는 제롬 파월 연방준비제도 의장에 대한 소송 가능성을 거론하며 압박을 이어갔습니다. 트럼프 대통령은 현지시간 12일 SNS에 올린 글에서 파월 의장을 향해 금리 인하가 늦어지면서 미국 경제가 본 피해가 ""계산할 수 없을 정도""라고 썼습니다. 그러면서 ""나는 파월이 연준 건물 건설을 관리하면서 보인 끔찍하고 극도로 무능한 모습 때문에 파월에 대한 대규모 소송을 진행할 수 있도록 허용하는 것을 고려하고 있다""고 덧붙였습니다. 이와 관련해 트럼프 대통령은 5천만 달러로 가능했던 연준 개보수 비용이 파월 의장 때문에 30억 달러로 늘어났다고 주장했습니다. 트럼프 대통령이 연준 건물 개보수 비용과 관련한 소송까지 거론한 것은 내년 5월까지가 임기인 파월 의장의 조기 사임을 압박하는 한편, 재임 중 금리 인하에 더 적극적으로 나설 것을 촉구한 것으로 풀이됩니다.",https://n.news.naver.com/mnews/article/214/0001442408?sid=104
세계,"트럼프 ""파월에 소송 검토...연준건물 개보수 관리 무능""",2025.08.12,"도널드 트럼프 미국 대통령은 제롬 파월 연방준비제도 의장에 대해 소송을 검토하고 있다고 밝혔습니다.트럼프 대통령은 현지시간 11일 SNS에 ""파월이 연준 건물 개보수를 관리하면서 보인 끔찍하고 무능한 모습 때문에 파월에 대한 대규모 소송 허용을 고려하고 있다""고 올렸습니다.트럼프 대통령은 이와 관련해 5천만 달러, 약 690억 원으로 할 수 있었던 연준 개보수 비용이 30억 달러, 약 4조 천600억 원으로 늘어났다고 주장했습니다.지난달 트럼프 대통령은 연준 건물 개보수 비용 책정을 둘러싼 의장의 권한 남용 등이 드러날 경우 정당한 해임 사유가 될 수 있다며 연준 건물 개보수 현장을 직접 방문하기도 했습니다.트럼프 대통령은 또 파월은 금리를 지금 내려야 한다며 금리 인하가 늦어지면서 미국 경제가 본 피해가 계산할 수 없을 정도라고 주장했습니다.트럼프 대통령의 이런 언급은 내년 5월까지가 임기인 파월 의장의 조기 사임을 압박하고, 재임 중 금리 인하에 더 적극적으로 나설 것을 촉구한 것으로 풀이됩니다.※ '당신의 제보가 뉴스가 됩니다' YTN 검색해 채널 추가 02-398-8585 social@ytn.co.kr",https://n.news.naver.com/mnews/article/052/0002232032?sid=104
세계,"로이터 ""권도형, 미 재판서 입장 번복…사기 유죄 인정 계획""",2025.08.12,"몬테네그로 수도 포드고리차에서 조사를 받은 권도형. 〈사진=로이터 연합뉴스〉 스테이블코인 '테라USD' 발행과 관련해 사기 혐의로 재판을 받고 있는 권도형 테라폼랩스 설립자가, 미국에서 유죄를 인정할 것으로 보입니다. 로이터통신은 현지시간 12일, 뉴욕 남부연방법원 폴 엥겔마이어 판사가 재판에서 권 씨가 사기와 통신망 사기 두 가지 혐의에 대해 유죄를 인정할 계획이라고 전했다고 보도했습니다. 권 씨는 지난해 말 몬테네그로에서 미국으로 신병이 인도된 뒤, 모두 9개 혐의로 기소됐습니다. 증권사기와 상품사기, 시세조종 공모, 자금세탁 공모 등이 포함됐으며, 유죄가 확정되면 최대 130년형까지 선고될 수 있습니다. 권 씨는 지난 1월 첫 기소인부 심리에서 모든 혐의를 부인했지만, 이번에 입장을 바꾼 겁니다.",https://n.news.naver.com/mnews/article/437/0000452510?sid=104
세계,"트럼프, 연준 공사비 논란에 ""대규모 소송"" 위협…""파월, 끔찍하고 무능해""",2025.08.12,"트럼프 ""5000만 달러 공사에 30억 달러 지출…무능력한 관리"" 비판""파월, 금리 늦게 대응해 막대한 피해 끼쳐""…인하 압박 지속 12일 트럼프 대통령은 자신의 소셜미디어 트루스소셜에 ""파월은 연준 건물 공사 관리에서 끔찍하고 심각하게 무능한 일을 저질렀다""며 ""그를 상대로 대규모 소송을 허용하는 방안을 고려 중""이라고 밝혔다. 사진은 도널드 트럼프 미국 대통령이 지난달 24일 워싱턴DC 연방준비제도 건물 개보수 현장을 방문해 제롬 파월 의장과 함께 둘러보고 있는 모습. 2025.08.12. 박미선 기자 = 도널드 트럼프 미국 대통령이 연방준비제도 건물 공사와 관련해 제롬 파월 의장을 상대로 ""대규모 소송을 허용하겠다""며 압박 수위를 높였다. 아울러 금리 인하를 거듭 촉구했다. 12일 트럼프 대통령은 자신의 소셜미디어 트루스소셜에 ""파월은 연준 건물 공사 관리에서 끔찍하고 심각하게 무능한 일을 저질렀다""며 ""그를 상대로 대규모 소송을 허용하는 방안을 고려 중""이라고 밝혔다. 또 ""5000만 달러로 해결될 수 있는 일에 30억 달러를 썼다""며 ""이건 말이 안 된다""라고 덧붙였다. 트럼프 대통령이 언급한 공사는 연준이 7년 전 인수한 워싱턴 본관 건물 수리로, 약 25억 달러가 투입됐다. 그는 지난달 이를 문제 삼아 파월 의장을 해임할 수 있다는 뜻을 내비치기도 했다. 트럼프 대통령은 소송 위협과 함께 금리 인하를 거듭 촉구했다. 그는 ""파월 의장이 너무 늦었다. 당장 금리를 내려야 한다. 파월은 항상 너무 늦게 대응해 막대한 피해를 끼쳤다""라고 강조했다. 이번 금리 인하 압박은 소비자물가지수 연간 상승률이 7월 2.7%로 전월과 같은 수준이라는 통계 발표 이후 나왔다. 이는 시장 예상치인 2.8%보다 낮은 수치다.다만 식품과 에너지를 제외한 근원 CPI 연간 상승률은 7월 3.1%로 전월보다 높았고, 시장 예상치도 웃돌았다. 연준 등 물가 당국은 이 근원 CPI 수치를 더 주시하고 있다.이날 CPI를 집계 발표한 미 노동통계국은 지난 1일 고용이 악화했다는 내용이 담긴 7월 고용보고서를 내놨다. 보고서에 따르면 지난달 일자리 증가 폭은 7만3000개로 집계돼 시장 예장치인 약 10만 개에 못 미쳤고, 실업률도 전월 대비 0.1%p 오른 4.2%로 집계됐다. 또 5~6월 일자리 증가 폭은 각각 12만5000개, 13만3000개씩 하향 조정했다.이에 트럼프 대통령은 에리카 메켄타퍼 노동통계국장을 해임했고, 11일 보수파 싱크탱크 헤리티지 재단 경제학자를 새 국장으로 임명했다. 한편 연준은 지난해 9월 첫 기준금리 인하 후 두 차례 추가 인하를 단행했으나, 올 1월부터는 5차례 연속 금리를 동결하고 있다.",https://n.news.naver.com/mnews/article/003/0013418505?sid=104
세계,"[속보] ""'테라사태' 사기혐의 권도형, 美법정서 유죄 인정 계획""",2025.08.12,'테라·루나 사태' 권도형 재판 열리는 뉴욕남부연방법원 청사 pan@yna.co.kr,https://n.news.naver.com/mnews/article/001/0015562893?sid=104
세계,"트럼프, 파월에 소송 위협…""Fed 건물에 30억달러 낭비, 금리 당장 내려라""",2025.08.12,"""5000만달러면 충분한데 30억달러 써""파월 추천한 므누신 전 재무장관도 소환도널드 트럼프 미국 대통령이 자신의 기준금리 인하 요구를 받아들이지 않는 제롬 파월 미 연방준비제도 의장을 상대로 본부 건물 개보수 비용 과다 사용 문제로 소송을 제기할 수 있다고 12일 경고했다. AP연합뉴스트럼프 대통령은 이날 자신이 만든 사회관계망서비스 트루스소셜에서 ""파월이 Fed 건물 공사를 관리하며 저지른 끔찍하고 심각하게 무능한 일 때문에 그를 상대로 대규모 소송을 진행하는 것을 고려하고 있다""고 말했다. 그는 ""5000만달러면 충분한 보수 작업에 30억달러를 들였다""며 ""좋지 않다!""고 비판했다.앞서 트럼프 대통령은 지난달 Fed 본부를 직접 방문해 건물 개보수 비용이 과도하다고 지적하기도 했다. 자신의 거듭된 금리 인하 요구를 거부하는 파월 의장을 향한 압박용이란 분석이 나왔다.그는 이날도 금리 인하를 거듭 촉구하며 ""항상 너무 늦게 움직이는 파월은 지금 당장 금리를 내려야 한다. 그가 주는 피해는 헤아릴 수 없을 정도""라고 말했다. 이어 ""다행히도 경제가 좋아 우리는 파월과 현실에 안주하는 이사회를 넘어섰다""고 주장했다.또한 트럼프 대통령은 파월 의장을 Fed 의장으로 추천했던 스티븐 므누신 전 재무부 장관도 비꼬았다.그는 트럼프 1기 때 재무부 장관을 지낸 므누신 전 장관의 이름을 의도로적으로 변형해 ""스티븐 머누이친""이라고 부르며 ""그가 이 루저를 밀어붙였을 때 정말 '아름다움'을 느꼈다""고 했다.이날 트럼프 대통령의 발언은 7월 소비자물가지수 발표 직후 나왔다. 미 노동부에 따르면 올해 7월 CPI는 전년 동기 대비 2.7% 상승했다. 6월과 같은 수준으로 시장 예상치를 밑돌았다. 이에 따라 금리 선물 시장은 Fed가 9월 연방공개시장위원회 정례회의에서 금리를 현재 4.25~4.5%%에서 0.25%포인트 인하할 가능성을 90%까지 높였다.",https://n.news.naver.com/mnews/article/277/0005636395?sid=104
세계,"OPEC, 내년 석유 수요 전망 상향 조정… “글로벌 경기 회복 기대”",2025.08.12,"OPEC 로고 이미지. 석유수출국기구가 글로벌 경기 회복 기대를 반영해 내년 석유 수요 전망치를 상향 조정했다.12일 월스트리트저널에 따르면 OPEC은 2026년 전 세계 석유 수요가 하루 138만배럴 증가할 것으로 예상한다고 밝혔다. 이는 기존 예상치 128만배럴에서 상향된 수치다. 올해 수요 전망은 하루 129만배럴로 유지됐다.OPEC은 도널드 트럼프 미국 대통령의 관세 정책이 무역 불확실성과 인플레이션 압력을 키울 수 있다고 분석했다. 다만 재정 부양책과 금리 인하 등 완화적 통화정책이 부정적 영향을 일부 상쇄할 것으로 내다봤다. 이에 올해 세계 경제 성장률 전망치는 2.9%에서 3%로 높였고, 내년 전망치는 3.1%로 유지했다. 미국은 올해 1.8%, 내년 2.1% 성장, 유로존은 올해와 내년 모두 1.2% 성장할 것으로 예상했다.최근 국제유가는 관세 정책의 경제 영향과 계절적 수요 약세, 공급 과잉 우려 속에 제한적 등락을 거듭해 왔다. 시장은 오는 15일 예정된 트럼프 대통령과 블라디미르 푸틴 러시아 대통령의 회담을 주목하고 있다. 우크라이나 평화 협정이 체결되면 대러 제재 완화와 원유 공급 증가로 이어질 가능성이 있기 때문이다.이달 초 OPEC+ 8개 주요 회원국은 9월부터 원유 생산량을 하루 54만7000배럴 확대하기로 했다. 당초 내년 9월까지 유지될 예정이던 자발적 감산 조치를 1년 앞당겨 종료하는 결정이다. 이에 대해 계절적 수요가 공급 증가분을 흡수할 수 있다는 전망도 있지만, 이미 공급 과잉이 심화된 시장에 추가 물량이 쏟아질 수 있다는 경계론도 제기된다.OPEC+ 외부 산유국의 공급도 늘어난다. 미국·캐나다·브라질·아르헨티나의 증산 영향으로 올해 하루 81만 배럴, 내년 63만 배럴 증가가 예상된다.",https://n.news.naver.com/mnews/article/366/0001099860?sid=104
세계,"美백악관도 ""25일 이재명·트럼프 정상회담 개최 예정""",2025.08.12,"이 대통령 취임 후 첫 한미 정상회담…방미도 처음무역합의 세부 논의…트럼프 ""추가 투자 발표"" 예고 이윤희 특파원 = 이재명 대통령과 도널드 트럼프 미국 대통령이 이달 말 미국에서 첫 정상회담을 진행할 예정이라고 대통령실이 밝힌 가운데, 백악관도 정상회담이 개최될 예정이라고 밝혔다. 백악관 관계자는 12일 오는 25일 백악관에서 한미 정상회담이 개최될 예정이라는 대통령실 발표에 대한 뉴시스 질의에 ""해당 정상회담 일정을 확인해줄 수 있다""고 답했다. 앞서 강유정 대통령실 대변인은 브리핑에서 ""이 대통령은 트럼프 대통령의 초청으로 8월 25일 한미 정상회담 개최를 위해 8월 24일부터 26일까지 미국을 방문할 예정""이라고 밝혔다.이 대통령이 취임 후 미국을 방문하고 트럼프 대통령을 만나는 것은 이번이 처음이다. 두 정상은 지난 6월 캐나다에서 열린 주요 7개국 정상회의를 계기로 첫 대면할 계획이었으나, 트럼프 대통령이 이스라엘의 이란 공습 등을 이유로 돌연 귀국해 회담이 무산됐다.이후 좀처럼 회담 일정을 잡지 못하다가, 지난달 30일 관세 협상을 계기로 논의가 진척됐다. 트럼프 대통령은 당시 구윤철 경제부총리 겸 기획재정부 장관이 이끄는 협상단을 만나 합의안을 도출한 뒤, 2주내로 이 대통령과 백악관서 회담할 계획이라고 발표했다.다만 조율 과정에서 계획보다 약 2주 늦은 시점으로 일정이 잡혔다. 회담에서는 한미 무역합의와 관련한 추가 논의가 이뤄질 것으로 예상된다. 한국은 상호관세와 자동차 품목관세를 15% 수준으로 인하하는 대신, 3500억달러 규모의 대미 투자를 약속했다.특히 트럼프 대통령은 이러한 합의를 발표하며 ""한국은 1000억달러 규모의 액화천연가스 또는 기타 에너지 제품을 구매하고, 한국이 추가로 투자 목적으로 대규모 자금을 투자하기로 합의했다. 이러한 금액은 향후 2주 내에 한국의 이재명 대통령이 양자회담을 위해 백악관을 방문할 때 발표될 것이다""고 예고한 바 있다.안보 분야에서는 한국의 국방비 증액과 주한미군 역할 조정 관련 논의가 있을지 주목된다. 트럼프 대통령이 여러차례 언급한 북미협상 재개에 대해서도 얘기가 나올 가능성이 있다.",https://n.news.naver.com/mnews/article/003/0013418503?sid=104
세계,러 매체 “알래스카 회담에 젤렌스키 오지 않을 것”,2025.08.12,"도널드 트럼프 미국 대통령과 블라디미르 푸틴 러시아 대통령이 정상회담하는 미국 알래스카에 볼로디미르 젤렌스키 우크라이나 대통령은 오지 않을 것이라고 12일 러시아 타스 통신이 보도했습니다. 타스 통신은 복수의 소식통을 인용해 젤렌스키 대통령의 알래스카 방문이 예상되지 않는다고 전했습니다. 한 소식통은 ""그는 초대받지 않을 것 같다""고 말했습니다. 다른 소식통도 ""미국은 푸틴 대통령과 트럼프 대통령의 회담에서 긍정적 결과가 나올 가능성을 방해하지 않을 것""이라며 젤렌스키 대통령이 초대받지 못할 것이라고 말했습니다. 트럼프 대통령과 푸틴 대통령은 오는 15일 미 알래스카에서 우크라이나 종전 논의에 중점을 두고 회담할 예정입니다. 트럼프 대통령은 전날 취재진에게 푸틴 대통령과 만난 뒤 젤렌스키 대통령과 푸틴 대통령의 회담, 또는 자신과 푸틴·젤렌스키 대통령이 참여하는 회담이 이뤄질 것이라고 언급했습니다.■ 제보하기▷ 전화 : 02-781-1234, 4444▷ 이메일 : kbs1234@kbs.co.kr▷ 카카오톡 : 'KBS제보' 검색, 채널 추가▷ 네이버, 유튜브에서 KBS뉴스를 구독해주세요!",https://n.news.naver.com/mnews/article/056/0012007808?sid=104
세계,"트럼프, 연준건물 개보수비 논란 관련 “파월에 소송 검토”",2025.08.12,"도널드 트럼프 미국 대통령은 12일 기준금리 인하 기대에 부응하지 않고 있는 제롬 파월 연방준비제도 의장에 대한 소송 가능성을 거론하며 압박했습니다. 트럼프 대통령은 이날 사회관계망서비스 트루스소셜에 올린 글에서 파월 의장을 향해 ""'너무 늦는' 파월은 금리를 지금 내려야 한다""며 금리 인하가 늦어지면서 미국 경제가 본 피해가 ""계산할 수 없을 정도""라고 주장했습니다. 그러면서 트럼프 대통령은 ""나는 파월이 연준 건물 건설을 관리하면서 보인 끔찍하고 극도로 무능한 모습 때문에 파월에 대한 대규모 소송을 진행할 수 있도록 허용하는 것을 고려하고 있다""고 밝혔습니다. 이와 관련, 트럼프 대통령은 5천만 달러로 할 수 있었던 연준 개보수 비용이 30억 달러로 늘어났다고 주장했습니다. 지난달 트럼프 대통령은 연준 건물 개보수 비용 책정을 둘러싼 의장의 권한 남용 등이 드러날 경우 '정당한 해임 사유'가 될 수 있다는 인식을 피력한 데 이어, 연준 건물 개보수 현장을 직접 방문하기도 했습니다. 트럼프 대통령이 이날 연준 건물 개보수 비용 관련 소송까지 거론한 것은 내년 5월까지가 임기인 파월 의장의 조기 사임을 압박하는 한편, 재임 중 금리 인하에 더 적극적으로 나설 것을 촉구한 것으로 풀이됩니다.■ 제보하기▷ 전화 : 02-781-1234, 4444▷ 이메일 : kbs1234@kbs.co.kr▷ 카카오톡 : 'KBS제보' 검색, 채널 추가▷ 네이버, 유튜브에서 KBS뉴스를 구독해주세요!",https://n.news.naver.com/mnews/article/056/0012007807?sid=104
세계,미·러 회담 앞두고 러 급진격…“사흘새 17㎞ 밀고들어와”,2025.08.12,"미국과 러시아 정상회담을 앞두고 러시아군이 갑작스럽게 우크라이나 동부 전선에서 진격에 급속도를 내고 있다고 전황 분석가들이 12일 진단했습니다. 로이터 통신과 미 뉴욕타임스에 따르면 우크라이나 전선을 추적해 공개해온 '딥스테이트'는 이날 러시아군이 최근 며칠 새 우크라이나 도네츠크주에서 북쪽으로 최소 10㎞를 진격했다고 분석했습니다. 또한 핀란드 군사정보 분석가 파시 파로이넨은 엑스에서 현재 격전이 벌어지고 있는 도네츠크주 포크로우스크시 북쪽에서 러시아가 지난 사흘간 우크라이나 전선을 뚫고 약 17㎞를 침투했다고 전했습니다. 러시아군은 올해 들어 우크라이나 동부 점령을 위한 공세를 강화하면서 병력 만성 부족을 겪는 우크라이나군의 약점을 파고들어 지역 중심 도시인 포크로우스크와 코스티안티니우카 주변의 전선을 잇는 3개 마을에서 진격을 이어 왔습니다. 딥스테이트는 텔레그램 채널에서 ""적군은 방위에 틈을 찾아내면서 더 깊이 침투하고 있으며 추가 진격을 위해 빠르게 병력을 통합하고 있어 꽤 혼란스러운 상황""이라고 설명했습니다. 이같은 러시아군의 빠른 움직임은 오는 15일 미국 알래스카에서 도널드 트럼프 미국 대통령과 블라디미르 푸틴 러시아 대통령의 정상회담이 예정된 상황에서 이뤄지고 있습니다. 영토 문제가 주요 의제에 오를 것으로 예상되므로 러시아가 점령지를 조금이라도 더 넓혀서 우크라이나에 영토 양보를 압박하기 위해 공세에 더욱 박차를 가하는 것으로 풀이됩니다. 분석가 파로이넨은 ""앞으로 24∼48시간 내로 우크라이나가 러시아 침투조의 강화 전에 상황을 통제할 수 있을지가 중요하다""고 지적했습니다.■ 제보하기▷ 전화 : 02-781-1234, 4444▷ 이메일 : kbs1234@kbs.co.kr▷ 카카오톡 : 'KBS제보' 검색, 채널 추가▷ 네이버, 유튜브에서 KBS뉴스를 구독해주세요!",https://n.news.naver.com/mnews/article/056/0012007806?sid=104
세계,"러 매체 ""알래스카 회담에 젤렌스키 오지 않을 것""",2025.08.12,"푸틴·트럼프·젤렌스키 최인영 특파원 = 도널드 트럼프 미국 대통령과 블라디미르 푸틴 러시아 대통령이 정상회담하는 미국 알래스카에 볼로디미르 젤렌스키 우크라이나 대통령은 오지 않을 것이라고 12일 러시아 타스 통신이 보도했다. 타스 통신은 복수의 소식통을 인용해 젤렌스키 대통령의 알래스카 방문이 예상되지 않는다고 전했다. 한 소식통은 ""그는 초대받지 않을 것 같다""고 말했다. 다른 소식통도 ""미국은 푸틴 대통령과 트럼프 대통령의 회담에서 긍정적 결과가 나올 가능성을 방해하지 않을 것""이라며 젤렌스키 대통령이 초대받지 못할 것이라고 말했다. 트럼프 대통령과 푸틴 대통령은 오는 15일 미 알래스카에서 우크라이나 종전 논의에 중점을 두고 회담할 예정이다. 트럼프 대통령은 전날 취재진에게 푸틴 대통령과 만난 뒤 젤렌스키 대통령과 푸틴 대통령의 회담, 또는 자신과 푸틴·젤렌스키 대통령이 참여하는 회담이 이뤄질 것이라고 언급했다. abbie@yna.co.kr",https://n.news.naver.com/mnews/article/001/0015562890?sid=104
세계,"""러, 사흘 새 17㎞ 진격...수적 우위로 도네츠크 전선 침투""",2025.08.12,"오는 15일 미·러 정상회담을 앞두고 러시아군이 우크라이나 동부 전선에서 진격에 급속도를 내고 있다는 분석이 나오고 있습니다.우크라이나 전장 감시 단체 '딥스테이트'는 현지 시간 12일 러시아군이 최근 며칠 사이 우크라이나 도네츠크주에서 북쪽으로 최소 10㎞를 진격했다고 분석했습니다.핀란드 군사정보 분석가 파시 파로이넨은 격전이 벌어지고 있는 도네츠크주 포크로우스크시 북쪽에서 러시아가 지난 사흘간 전선을 뚫고 약 17㎞를 침투했다고 전했습니다.딥스테이트는 러시아군이 방위에 틈을 찾아내면서 더 깊이 침투하고 있다며 추가 진격을 위해 빠르게 병력을 통합하고 있어 혼란스러운 상황이라고 설명했습니다.러시아의 이런 공세는 미·러 정상회담 전에 점령지를 조금이라도 더 넓혀 우크라이나에 영토 양보를 압박하기 위한 것으로 풀이됩니다.안드리 코발로우 우크라이나군 대변인은 러시아군이 수적 우위를 이용해 방어선에 계속 침투를 시도하고 있다며, 올렉산드르 시르스키 총사령관이 침투조를 파괴하기 위한 증원을 지시했다고 밝혔습니다.※ '당신의 제보가 뉴스가 됩니다' YTN 검색해 채널 추가 02-398-8585 social@ytn.co.kr",https://n.news.naver.com/mnews/article/052/0002232030?sid=104
